,experiment_group,clicks,experiment_group_enc
6958,grp1,7,1
7534,grp1,0,1
2975,ctrl,0,0
3903,ctrl,0,0
8437,grp1,0,1
6812,grp1,0,1
1567,ctrl,0,0
14680,grp2,0,2
10189,grp2,5,2
14380,grp2,0,2
7040,grp1,0,1
4130,ctrl,0,0
6872,grp1,9,1
10890,grp2,0,2
4659,ctrl,0,0
1896,ctrl,0,0
4915,ctrl,0,0
603,ctrl,0,0
7680,grp1,0,1
9866,grp1,0,1
4943,ctrl,0,0
5579,grp1,0,1
9861,grp1,0,1
11073,grp2,0,2
6003,grp1,0,1
12722,grp2,0,2
10200,grp2,2,2
1798,ctrl,0,0
437,ctrl,0,0
7055,grp1,0,1
2204,ctrl,0,0
8455,grp1,0,1
2678,ctrl,0,0
4895,ctrl,3,0
11452,grp2,0,2
2896,ctrl,0,0
5428,grp1,0,1
3540,ctrl,0,0
13362,grp2,0,2
9614,grp1,0,1
5842,grp1,0,1
5259,grp1,0,1
9748,grp1,0,1
1237,ctrl,0,0
7426,grp1,0,1
5689,grp1,1,1
8061,grp1,0,1
6630,grp1,7,1
4840,ctrl,0,0
14386,grp2,0,2
14856,grp2,0,2
1879,ctrl,0,0
13069,grp2,0,2
11309,grp2,0,2
1592,ctrl,0,0
13329,grp2,0,2
11375,grp2,0,2
1489,ctrl,0,0
8915,grp1,0,1
12769,grp2,0,2
8625,grp1,0,1
14426,grp2,0,2
4613,ctrl,0,0
12656,grp2,1,2
2513,ctrl,0,0
3754,ctrl,0,0
11010,grp2,0,2
14464,grp2,0,2
13459,grp2,0,2
14458,grp2,0,2
5828,grp1,0,1
13022,grp2,0,2
7829,grp1,0,1
12343,grp2,0,2
4242,ctrl,0,0
8073,grp1,0,1
2861,ctrl,2,0
9169,grp1,0,1
5934,grp1,0,1
10557,grp2,0,2
9591,grp1,0,1
14256,grp2,0,2
4888,ctrl,0,0
3517,ctrl,0,0
10824,grp2,0,2
10130,grp2,0,2
12701,grp2,0,2
11874,grp2,0,2
4476,ctrl,0,0
966,ctrl,0,0
10266,grp2,0,2
10650,grp2,0,2
6298,grp1,0,1
10261,grp2,0,2
2030,ctrl,0,0
2739,ctrl,0,0
2492,ctrl,0,0
14086,grp2,0,2
3697,ctrl,0,0
7374,grp1,0,1
2699,ctrl,0,0
10390,grp2,0,2
7885,grp1,0,1
411,ctrl,0,0
6157,grp1,0,1
7506,grp1,0,1
4024,ctrl,0,0
6178,grp1,0,1
9870,grp1,0,1
9511,grp1,0,1
3653,ctrl,0,0
7515,grp1,0,1
2656,ctrl,0,0
7486,grp1,0,1
8688,grp1,0,1
10950,grp2,0,2
11660,grp2,0,2
8966,grp1,0,1
9940,grp1,0,1
3269,ctrl,0,0
8255,grp1,0,1
12580,grp2,0,2
13654,grp2,0,2
7717,grp1,0,1
6664,grp1,0,1
3428,ctrl,0,0
12844,grp2,0,2
8161,grp1,0,1
10218,grp2,0,2
4747,ctrl,0,0
12005,grp2,0,2
10084,grp2,0,2
9580,grp1,0,1
31,ctrl,0,0
11330,grp2,0,2
9287,grp1,0,1
1671,ctrl,0,0
3480,ctrl,4,0
6435,grp1,0,1
5964,grp1,0,1
9656,grp1,0,1
9938,grp1,0,1
13577,grp2,0,2
919,ctrl,0,0
2269,ctrl,0,0
13105,grp2,0,2
4403,ctrl,0,0
11687,grp2,0,2
11077,grp2,0,2
11458,grp2,0,2
6836,grp1,0,1
12365,grp2,0,2
4627,ctrl,0,0
6499,grp1,7,1
7145,grp1,0,1
5739,grp1,0,1
10979,grp2,0,2
8885,grp1,0,1
7922,grp1,0,1
12442,grp2,0,2
358,ctrl,0,0
13032,grp2,0,2
5620,grp1,0,1
9188,grp1,0,1
1898,ctrl,0,0
2862,ctrl,0,0
7010,grp1,0,1
10243,grp2,0,2
11345,grp2,0,2
5787,grp1,0,1
14586,grp2,0,2
10350,grp2,0,2
5413,grp1,0,1
5721,grp1,0,1
8646,grp1,0,1
7621,grp1,0,1
2904,ctrl,0,0
7066,grp1,0,1
2274,ctrl,0,0
5384,grp1,0,1
4150,ctrl,0,0
14652,grp2,0,2
4535,ctrl,0,0
3494,ctrl,6,0
13319,grp2,0,2
4039,ctrl,0,0
12182,grp2,10,2
6741,grp1,0,1
10874,grp2,0,2
8494,grp1,0,1
10141,grp2,0,2
790,ctrl,0,0
14778,grp2,0,2
6063,grp1,0,1
2821,ctrl,2,0
4996,ctrl,0,0
7620,grp1,0,1
253,ctrl,5,0
1399,ctrl,0,0
8639,grp1,0,1
10221,grp2,0,2
1062,ctrl,1,0
10755,grp2,0,2
6580,grp1,0,1
3418,ctrl,0,0
4418,ctrl,0,0
8806,grp1,0,1
439,ctrl,0,0
6624,grp1,0,1
7891,grp1,0,1
7846,grp1,0,1
13883,grp2,0,2
13426,grp2,0,2
5870,grp1,0,1
8984,grp1,0,1
9077,grp1,0,1
11240,grp2,0,2
598,ctrl,0,0
1818,ctrl,0,0
6523,grp1,0,1
8356,grp1,0,1
9415,grp1,0,1
10730,grp2,0,2
5792,grp1,0,1
4410,ctrl,0,0
3709,ctrl,0,0
11166,grp2,0,2
10398,grp2,2,2
11266,grp2,0,2
10133,grp2,0,2
10956,grp2,0,2
11258,grp2,1,2
8015,grp1,5,1
162,ctrl,0,0
9222,grp1,0,1
11946,grp2,0,2
5042,grp1,0,1
14984,grp2,0,2
1572,ctrl,0,0
10345,grp2,0,2
8267,grp1,0,1
4688,ctrl,0,0
2277,ctrl,0,0
8153,grp1,0,1
6385,grp1,0,1
13300,grp2,0,2
890,ctrl,0,0
12963,grp2,0,2
11267,grp2,0,2
14599,grp2,0,2
3928,ctrl,0,0
12166,grp2,0,2
12191,grp2,0,2
5479,grp1,0,1
539,ctrl,0,0
10371,grp2,0,2
11892,grp2,0,2
7807,grp1,0,1
2199,ctrl,0,0
4213,ctrl,0,0
4354,ctrl,0,0
159,ctrl,0,0
12362,grp2,0,2
4276,ctrl,0,0
490,ctrl,1,0
12122,grp2,0,2
2604,ctrl,0,0
5240,grp1,0,1
4661,ctrl,0,0
831,ctrl,0,0
11364,grp2,0,2
4408,ctrl,0,0
12130,grp2,0,2
9649,grp1,0,1
1113,ctrl,0,0
4745,ctrl,1,0
12300,grp2,0,2
1954,ctrl,0,0
6657,grp1,0,1
8551,grp1,0,1
11912,grp2,0,2
7652,grp1,0,1
4798,ctrl,0,0
4757,ctrl,0,0
11137,grp2,0,2
2421,ctrl,0,0
4340,ctrl,0,0
8440,grp1,2,1
4334,ctrl,0,0
9516,grp1,22,1
7716,grp1,0,1
3002,ctrl,0,0
14482,grp2,0,2
2986,ctrl,0,0
6793,grp1,0,1
6411,grp1,2,1
6000,grp1,0,1
6978,grp1,0,1
4918,ctrl,0,0
5382,grp1,0,1
1050,ctrl,0,0
322,ctrl,0,0
12098,grp2,0,2
9289,grp1,0,1
12386,grp2,0,2
6208,grp1,0,1
9911,grp1,0,1
13610,grp2,0,2
10030,grp2,0,2
10315,grp2,0,2
305,ctrl,0,0
9294,grp1,0,1
13416,grp2,0,2
1043,ctrl,0,0
1992,ctrl,0,0
13278,grp2,0,2
10968,grp2,0,2
7521,grp1,0,1
3144,ctrl,0,0
7531,grp1,0,1
4153,ctrl,0,0
12814,grp2,0,2
8658,grp1,0,1
14037,grp2,0,2
9004,grp1,0,1
1811,ctrl,0,0
2808,ctrl,0,0
12735,grp2,0,2
11466,grp2,0,2
8578,grp1,0,1
5950,grp1,0,1
8374,grp1,0,1
8000,grp1,0,1
13330,grp2,0,2
3372,ctrl,5,0
10941,grp2,0,2
6690,grp1,0,1
2254,ctrl,2,0
5757,grp1,0,1
4625,ctrl,0,0
6420,grp1,0,1
12355,grp2,0,2
12350,grp2,0,2
81,ctrl,9,0
10562,grp2,0,2
6304,grp1,0,1
5367,grp1,0,1
2758,ctrl,0,0
4253,ctrl,5,0
2661,ctrl,0,0
13275,grp2,4,2
10337,grp2,0,2
13427,grp2,0,2
10680,grp2,0,2
3274,ctrl,0,0
4553,ctrl,0,0
10042,grp2,0,2
4705,ctrl,0,0
4907,ctrl,0,0
3281,ctrl,0,0
8316,grp1,0,1
4917,ctrl,0,0
433,ctrl,0,0
14560,grp2,0,2
8283,grp1,0,1
8621,grp1,0,1
5316,grp1,2,1
1778,ctrl,0,0
12764,grp2,0,2
4424,ctrl,0,0
14697,grp2,0,2
1906,ctrl,0,0
4075,ctrl,0,0
5565,grp1,0,1
10945,grp2,0,2
8184,grp1,0,1
14347,grp2,3,2
5516,grp1,0,1
4460,ctrl,0,0
8691,grp1,0,1
4759,ctrl,0,0
9558,grp1,0,1
8715,grp1,0,1
2937,ctrl,0,0
3396,ctrl,0,0
854,ctrl,0,0
14401,grp2,0,2
7284,grp1,0,1
8930,grp1,3,1
5729,grp1,0,1
7008,grp1,0,1
6595,grp1,0,1
563,ctrl,0,0
1535,ctrl,0,0
12075,grp2,0,2
5942,grp1,0,1
7419,grp1,0,1
14920,grp2,0,2
14577,grp2,0,2
4519,ctrl,0,0
1436,ctrl,0,0
6104,grp1,0,1
1893,ctrl,1,0
9118,grp1,0,1
9724,grp1,0,1
12163,grp2,0,2
13348,grp2,0,2
222,ctrl,6,0
9765,grp1,0,1
3371,ctrl,0,0
6074,grp1,0,1
12817,grp2,0,2
8526,grp1,0,1
978,ctrl,0,0
12156,grp2,15,2
10589,grp2,0,2
5540,grp1,0,1
6407,grp1,0,1
11000,grp2,0,2
7351,grp1,0,1
9432,grp1,0,1
11042,grp2,0,2
10841,grp2,0,2
14766,grp2,0,2
10625,grp2,4,2
7789,grp1,0,1
1793,ctrl,0,0
12069,grp2,0,2
9902,grp1,0,1
5618,grp1,0,1
9340,grp1,0,1
10416,grp2,0,2
8394,grp1,0,1
6313,grp1,0,1
1288,ctrl,0,0
1125,ctrl,0,0
10455,grp2,0,2
4407,ctrl,0,0
11957,grp2,0,2
4732,ctrl,0,0
5692,grp1,0,1
10491,grp2,0,2
8687,grp1,0,1
7967,grp1,0,1
14236,grp2,0,2
4211,ctrl,0,0
4873,ctrl,1,0
5937,grp1,0,1
11511,grp2,3,2
1385,ctrl,0,0
1069,ctrl,0,0
6555,grp1,0,1
13494,grp2,0,2
13364,grp2,0,2
7269,grp1,0,1
1131,ctrl,0,0
814,ctrl,0,0
6542,grp1,0,1
13326,grp2,8,2
2295,ctrl,0,0
5458,grp1,0,1
7909,grp1,0,1
11956,grp2,0,2
5752,grp1,0,1
6749,grp1,0,1
10253,grp2,0,2
5761,grp1,0,1
6250,grp1,2,1
12186,grp2,0,2
3567,ctrl,0,0
4448,ctrl,0,0
6954,grp1,0,1
4165,ctrl,0,0
9081,grp1,0,1
4947,ctrl,0,0
7997,grp1,0,1
5558,grp1,0,1
7805,grp1,0,1
7741,grp1,0,1
13560,grp2,0,2
7123,grp1,4,1
12198,grp2,0,2
7117,grp1,0,1
5713,grp1,0,1
13887,grp2,0,2
7659,grp1,0,1
9016,grp1,0,1
4860,ctrl,0,0
5834,grp1,0,1
174,ctrl,0,0
6935,grp1,0,1
11095,grp2,0,2
8183,grp1,0,1
13178,grp2,0,2
1077,ctrl,3,0
9507,grp1,0,1
5768,grp1,0,1
7999,grp1,0,1
11413,grp2,0,2
5577,grp1,0,1
6464,grp1,0,1
3498,ctrl,0,0
5691,grp1,0,1
13700,grp2,0,2
9579,grp1,0,1
5544,grp1,0,1
10535,grp2,0,2
13566,grp2,0,2
14530,grp2,0,2
6723,grp1,0,1
8488,grp1,0,1
5918,grp1,0,1
7611,grp1,0,1
14180,grp2,0,2
1473,ctrl,0,0
5830,grp1,0,1
14669,grp2,0,2
793,ctrl,0,0
5674,grp1,0,1
14500,grp2,0,2
9306,grp1,0,1
4395,ctrl,0,0
9525,grp1,0,1
6790,grp1,3,1
4593,ctrl,0,0
6032,grp1,0,1
4337,ctrl,0,0
11143,grp2,0,2
11827,grp2,0,2
8898,grp1,1,1
10012,grp2,0,2
14216,grp2,0,2
5239,grp1,0,1
7547,grp1,0,1
9248,grp1,0,1
5123,grp1,0,1
2054,ctrl,0,0
7068,grp1,0,1
8471,grp1,0,1
12266,grp2,0,2
12127,grp2,0,2
8612,grp1,0,1
12830,grp2,0,2
14376,grp2,0,2
8954,grp1,2,1
1161,ctrl,7,0
8959,grp1,0,1
14176,grp2,0,2
9273,grp1,0,1
8810,grp1,0,1
13062,grp2,0,2
5436,grp1,0,1
9299,grp1,0,1
3525,ctrl,0,0
8303,grp1,0,1
4941,ctrl,0,0
6488,grp1,0,1
9557,grp1,0,1
10055,grp2,0,2
10505,grp2,7,2
2363,ctrl,0,0
2742,ctrl,0,0
5603,grp1,1,1
9445,grp1,0,1
13650,grp2,0,2
1913,ctrl,0,0
6377,grp1,0,1
320,ctrl,0,0
9283,grp1,1,1
1593,ctrl,0,0
2663,ctrl,0,0
10882,grp2,0,2
14676,grp2,0,2
13220,grp2,0,2
5538,grp1,0,1
9346,grp1,0,1
785,ctrl,0,0
1336,ctrl,0,0
6053,grp1,0,1
1532,ctrl,0,0
3029,ctrl,0,0
9392,grp1,0,1
1597,ctrl,0,0
7519,grp1,0,1
1674,ctrl,1,0
5462,grp1,0,1
7070,grp1,0,1
7004,grp1,0,1
10623,grp2,0,2
9820,grp1,0,1
13305,grp2,0,2
12749,grp2,0,2
913,ctrl,0,0
5925,grp1,0,1
1985,ctrl,0,0
8608,grp1,0,1
229,ctrl,0,0
6028,grp1,0,1
14626,grp2,0,2
12103,grp2,0,2
3234,ctrl,0,0
13512,grp2,0,2
8998,grp1,0,1
3873,ctrl,0,0
14163,grp2,0,2
4247,ctrl,0,0
5459,grp1,0,1
2122,ctrl,0,0
13638,grp2,0,2
6332,grp1,0,1
2736,ctrl,0,0
9849,grp1,0,1
12856,grp2,0,2
3828,ctrl,0,0
11740,grp2,0,2
4215,ctrl,0,0
738,ctrl,0,0
724,ctrl,2,0
12049,grp2,0,2
3838,ctrl,0,0
14711,grp2,0,2
10864,grp2,0,2
6079,grp1,0,1
2718,ctrl,0,0
3305,ctrl,0,0
10811,grp2,0,2
13292,grp2,0,2
943,ctrl,0,0
4679,ctrl,0,0
8803,grp1,4,1
2342,ctrl,0,0
5850,grp1,0,1
8205,grp1,0,1
10826,grp2,0,2
2414,ctrl,0,0
7641,grp1,0,1
2232,ctrl,0,0
8790,grp1,0,1
2837,ctrl,0,0
11497,grp2,0,2
11971,grp2,0,2
12850,grp2,0,2
12575,grp2,0,2
8577,grp1,0,1
14018,grp2,0,2
6238,grp1,0,1
7583,grp1,0,1
7808,grp1,0,1
3975,ctrl,0,0
12165,grp2,0,2
4109,ctrl,0,0
11367,grp2,0,2
11088,grp2,0,2
13005,grp2,0,2
2860,ctrl,0,0
8496,grp1,0,1
4268,ctrl,0,0
8211,grp1,0,1
11939,grp2,0,2
7728,grp1,1,1
8527,grp1,0,1
11060,grp2,0,2
3998,ctrl,0,0
11513,grp2,0,2
1493,ctrl,0,0
1905,ctrl,0,0
13668,grp2,0,2
10040,grp2,0,2
10612,grp2,0,2
2922,ctrl,0,0
7336,grp1,0,1
12200,grp2,0,2
13602,grp2,0,2
11549,grp2,0,2
12915,grp2,0,2
13585,grp2,9,2
1734,ctrl,2,0
4870,ctrl,0,0
9157,grp1,0,1
8147,grp1,0,1
10249,grp2,0,2
2506,ctrl,1,0
14036,grp2,0,2
1918,ctrl,0,0
5911,grp1,0,1
3762,ctrl,0,0
8780,grp1,0,1
12474,grp2,0,2
13015,grp2,0,2
3731,ctrl,0,0
2474,ctrl,0,0
11154,grp2,0,2
2519,ctrl,1,0
6945,grp1,0,1
8119,grp1,0,1
1717,ctrl,0,0
8707,grp1,0,1
9628,grp1,0,1
11643,grp2,0,2
5117,grp1,0,1
12180,grp2,0,2
10498,grp2,0,2
5499,grp1,0,1
642,ctrl,0,0
2394,ctrl,0,0
8193,grp1,0,1
4342,ctrl,0,0
4770,ctrl,0,0
4724,ctrl,0,0
8668,grp1,0,1
1250,ctrl,0,0
1313,ctrl,0,0
14268,grp2,0,2
14734,grp2,0,2
3237,ctrl,0,0
9323,grp1,0,1
3628,ctrl,0,0
5995,grp1,0,1
4296,ctrl,1,0
7052,grp1,0,1
6939,grp1,0,1
9927,grp1,0,1
10866,grp2,0,2
14563,grp2,0,2
5317,grp1,0,1
7079,grp1,0,1
1750,ctrl,0,0
11684,grp2,0,2
1533,ctrl,0,0
9532,grp1,0,1
6932,grp1,0,1
4438,ctrl,0,0
12382,grp2,0,2
8939,grp1,0,1
11628,grp2,0,2
7365,grp1,0,1
11672,grp2,0,2
2143,ctrl,0,0
5567,grp1,0,1
2658,ctrl,0,0
4126,ctrl,0,0
8909,grp1,0,1
774,ctrl,0,0
11050,grp2,0,2
3134,ctrl,1,0
14320,grp2,0,2
5898,grp1,0,1
7588,grp1,0,1
8875,grp1,0,1
10633,grp2,0,2
3483,ctrl,0,0
2787,ctrl,0,0
7467,grp1,0,1
5222,grp1,0,1
1205,ctrl,2,0
434,ctrl,0,0
2229,ctrl,0,0
10210,grp2,0,2
14150,grp2,0,2
14927,grp2,0,2
4588,ctrl,0,0
14715,grp2,0,2
8768,grp1,0,1
14789,grp2,0,2
14724,grp2,0,2
8029,grp1,0,1
14824,grp2,0,2
905,ctrl,0,0
12412,grp2,0,2
8689,grp1,0,1
888,ctrl,0,0
1988,ctrl,0,0
2647,ctrl,0,0
10553,grp2,0,2
11220,grp2,0,2
13166,grp2,0,2
11108,grp2,0,2
10953,grp2,0,2
3456,ctrl,0,0
9318,grp1,0,1
4452,ctrl,0,0
3920,ctrl,1,0
13004,grp2,0,2
9410,grp1,0,1
8562,grp1,0,1
10856,grp2,0,2
1137,ctrl,2,0
3047,ctrl,0,0
13481,grp2,0,2
13324,grp2,0,2
2594,ctrl,0,0
166,ctrl,0,0
14281,grp2,0,2
2015,ctrl,0,0
10434,grp2,0,2
4797,ctrl,0,0
537,ctrl,0,0
2668,ctrl,0,0
9311,grp1,0,1
14077,grp2,0,2
1301,ctrl,0,0
14405,grp2,0,2
11714,grp2,0,2
9576,grp1,0,1
1000,ctrl,0,0
10,ctrl,0,0
209,ctrl,0,0
5884,grp1,0,1
6891,grp1,3,1
7632,grp1,0,1
9184,grp1,0,1
265,ctrl,0,0
12595,grp2,0,2
3569,ctrl,0,0
8405,grp1,0,1
1900,ctrl,0,0
14664,grp2,0,2
11916,grp2,0,2
12009,grp2,0,2
5542,grp1,0,1
7240,grp1,0,1
12994,grp2,0,2
5865,grp1,0,1
4644,ctrl,0,0
12073,grp2,0,2
4709,ctrl,2,0
4481,ctrl,0,0
19,ctrl,0,0
8454,grp1,0,1
11371,grp2,0,2
643,ctrl,1,0
10108,grp2,0,2
14003,grp2,0,2
13597,grp2,0,2
9774,grp1,0,1
14441,grp2,0,2
13194,grp2,0,2
3746,ctrl,0,0
11297,grp2,0,2
11325,grp2,0,2
13672,grp2,0,2
8905,grp1,0,1
2032,ctrl,6,0
13075,grp2,0,2
14802,grp2,0,2
8732,grp1,0,1
2932,ctrl,3,0
7665,grp1,0,1
5207,grp1,0,1
11053,grp2,5,2
12972,grp2,0,2
10617,grp2,0,2
14262,grp2,0,2
1325,ctrl,0,0
6507,grp1,0,1
10035,grp2,0,2
8649,grp1,0,1
14094,grp2,0,2
6067,grp1,0,1
74,ctrl,0,0
12,ctrl,0,0
12040,grp2,0,2
13629,grp2,0,2
14526,grp2,0,2
8321,grp1,0,1
715,ctrl,0,0
11123,grp2,0,2
14536,grp2,0,2
14960,grp2,0,2
13911,grp2,0,2
7714,grp1,0,1
13240,grp2,0,2
11012,grp2,0,2
12314,grp2,0,2
10152,grp2,0,2
9556,grp1,0,1
6101,grp1,0,1
8629,grp1,0,1
2307,ctrl,0,0
5268,grp1,3,1
390,ctrl,4,0
10740,grp2,0,2
11061,grp2,0,2
5393,grp1,0,1
10389,grp2,4,2
1880,ctrl,2,0
3927,ctrl,7,0
6130,grp1,0,1
609,ctrl,0,0
7450,grp1,0,1
5111,grp1,0,1
8225,grp1,0,1
11368,grp2,0,2
13515,grp2,17,2
6982,grp1,0,1
6453,grp1,0,1
2522,ctrl,0,0
11394,grp2,0,2
14818,grp2,0,2
1455,ctrl,0,0
254,ctrl,0,0
2449,ctrl,0,0
5381,grp1,0,1
4809,ctrl,0,0
14291,grp2,0,2
2407,ctrl,0,0
7589,grp1,0,1
1494,ctrl,0,0
13407,grp2,0,2
5591,grp1,0,1
7834,grp1,0,1
10778,grp2,0,2
9540,grp1,0,1
12327,grp2,0,2
7311,grp1,0,1
9009,grp1,0,1
8592,grp1,0,1
257,ctrl,0,0
13588,grp2,0,2
3172,ctrl,0,0
9588,grp1,0,1
12126,grp2,0,2
6739,grp1,0,1
8294,grp1,0,1
11218,grp2,0,2
10450,grp2,0,2
11395,grp2,0,2
6684,grp1,0,1
192,ctrl,4,0
8693,grp1,0,1
1149,ctrl,0,0
9101,grp1,0,1
5671,grp1,0,1
10666,grp2,0,2
661,ctrl,1,0
1087,ctrl,0,0
748,ctrl,3,0
9915,grp1,0,1
3520,ctrl,0,0
8947,grp1,0,1
3150,ctrl,0,0
7505,grp1,0,1
10981,grp2,3,2
7380,grp1,0,1
6893,grp1,0,1
9231,grp1,12,1
8059,grp1,0,1
12680,grp2,0,2
1191,ctrl,0,0
10446,grp2,0,2
11265,grp2,0,2
6266,grp1,0,1
12885,grp2,0,2
498,ctrl,0,0
14774,grp2,0,2
1545,ctrl,0,0
3621,ctrl,0,0
2164,ctrl,5,0
3238,ctrl,0,0
8128,grp1,1,1
10903,grp2,0,2
681,ctrl,0,0
136,ctrl,0,0
9863,grp1,0,1
5816,grp1,0,1
8118,grp1,0,1
11036,grp2,0,2
360,ctrl,12,0
1396,ctrl,0,0
5311,grp1,6,1
3285,ctrl,5,0
10313,grp2,0,2
7188,grp1,0,1
6534,grp1,0,1
10310,grp2,0,2
5781,grp1,0,1
3357,ctrl,8,0
14882,grp2,4,2
6080,grp1,0,1
3168,ctrl,0,0
5017,grp1,0,1
13250,grp2,0,2
4524,ctrl,0,0
2265,ctrl,0,0
6179,grp1,0,1
11188,grp2,0,2
806,ctrl,0,0
13352,grp2,0,2
1300,ctrl,0,0
7078,grp1,0,1
6440,grp1,0,1
326,ctrl,0,0
2297,ctrl,0,0
845,ctrl,0,0
67,ctrl,0,0
4787,ctrl,0,0
481,ctrl,0,0
12533,grp2,0,2
5383,grp1,0,1
5922,grp1,0,1
11174,grp2,0,2
3527,ctrl,0,0
9544,grp1,0,1
14795,grp2,0,2
3769,ctrl,1,0
9431,grp1,0,1
14348,grp2,0,2
9689,grp1,0,1
10620,grp2,0,2
10341,grp2,0,2
5933,grp1,0,1
13168,grp2,15,2
7456,grp1,0,1
5917,grp1,0,1
14179,grp2,0,2
13918,grp2,0,2
3299,ctrl,0,0
2985,ctrl,0,0
9680,grp1,8,1
1936,ctrl,3,0
8683,grp1,0,1
13812,grp2,0,2
9102,grp1,0,1
5753,grp1,0,1
6652,grp1,0,1
13990,grp2,0,2
7831,grp1,0,1
11980,grp2,0,2
4670,ctrl,1,0
3075,ctrl,0,0
10306,grp2,0,2
12020,grp2,0,2
6720,grp1,0,1
11157,grp2,0,2
12599,grp2,0,2
14447,grp2,0,2
9582,grp1,0,1
14309,grp2,0,2
4000,ctrl,0,0
8265,grp1,0,1
2335,ctrl,0,0
9805,grp1,0,1
13078,grp2,0,2
5652,grp1,0,1
12852,grp2,0,2
5119,grp1,0,1
5609,grp1,0,1
11809,grp2,0,2
13681,grp2,0,2
8307,grp1,0,1
14996,grp2,0,2
3536,ctrl,0,0
10752,grp2,0,2
2442,ctrl,0,0
10930,grp2,0,2
5378,grp1,0,1
14971,grp2,0,2
1392,ctrl,0,0
892,ctrl,0,0
10487,grp2,0,2
8581,grp1,0,1
2314,ctrl,0,0
9097,grp1,0,1
9329,grp1,0,1
5454,grp1,0,1
6470,grp1,0,1
9041,grp1,0,1
5832,grp1,0,1
14172,grp2,0,2
11570,grp2,0,2
5877,grp1,0,1
4559,ctrl,0,0
14616,grp2,0,2
5588,grp1,0,1
14749,grp2,0,2
11676,grp2,0,2
9280,grp1,0,1
10957,grp2,0,2
14249,grp2,0,2
9019,grp1,0,1
7332,grp1,0,1
13401,grp2,0,2
14239,grp2,19,2
13872,grp2,0,2
5322,grp1,0,1
8744,grp1,0,1
339,ctrl,2,0
12846,grp2,0,2
12517,grp2,0,2
5262,grp1,0,1
6587,grp1,0,1
9551,grp1,0,1
10415,grp2,0,2
8162,grp1,4,1
2789,ctrl,4,0
10436,grp2,0,2
2735,ctrl,0,0
14436,grp2,0,2
2952,ctrl,0,0
1555,ctrl,5,0
13523,grp2,0,2
1277,ctrl,0,0
9203,grp1,0,1
2740,ctrl,5,0
11254,grp2,0,2
8228,grp1,0,1
9894,grp1,0,1
3036,ctrl,0,0
9266,grp1,0,1
12066,grp2,0,2
8585,grp1,0,1
1509,ctrl,0,0
6041,grp1,0,1
13466,grp2,0,2
1409,ctrl,0,0
3581,ctrl,3,0
2441,ctrl,0,0
319,ctrl,0,0
4170,ctrl,0,0
3128,ctrl,0,0
5081,grp1,0,1
11557,grp2,0,2
8812,grp1,0,1
4974,ctrl,0,0
9881,grp1,0,1
8785,grp1,0,1
2524,ctrl,0,0
12992,grp2,0,2
971,ctrl,0,0
20,ctrl,0,0
14862,grp2,0,2
12672,grp2,0,2
8438,grp1,0,1
9830,grp1,2,1
1440,ctrl,0,0
3160,ctrl,0,0
8045,grp1,7,1
12038,grp2,0,2
646,ctrl,0,0
12767,grp2,0,2
14454,grp2,0,2
11838,grp2,0,2
6517,grp1,0,1
8597,grp1,0,1
8389,grp1,0,1
2846,ctrl,0,0
947,ctrl,0,0
1335,ctrl,0,0
3858,ctrl,0,0
14788,grp2,0,2
10500,grp2,0,2
9538,grp1,0,1
5685,grp1,2,1
14613,grp2,0,2
1362,ctrl,0,0
5330,grp1,0,1
10471,grp2,0,2
12176,grp2,0,2
6437,grp1,0,1
2011,ctrl,0,0
6986,grp1,0,1
4422,ctrl,0,0
12619,grp2,0,2
10865,grp2,0,2
3901,ctrl,0,0
8710,grp1,0,1
4589,ctrl,0,0
769,ctrl,0,0
3441,ctrl,0,0
1583,ctrl,0,0
13520,grp2,0,2
6515,grp1,0,1
11581,grp2,0,2
11292,grp2,0,2
6401,grp1,6,1
32,ctrl,0,0
12638,grp2,0,2
10435,grp2,0,2
10711,grp2,0,2
2395,ctrl,1,0
12535,grp2,0,2
2686,ctrl,0,0
66,ctrl,0,0
7272,grp1,0,1
6373,grp1,0,1
208,ctrl,0,0
7695,grp1,0,1
6201,grp1,0,1
8774,grp1,0,1
5295,grp1,0,1
4227,ctrl,0,0
11686,grp2,6,2
2440,ctrl,0,0
486,ctrl,0,0
13095,grp2,0,2
11712,grp2,0,2
3813,ctrl,0,0
2825,ctrl,0,0
5858,grp1,0,1
3743,ctrl,0,0
13854,grp2,0,2
10509,grp2,0,2
13949,grp2,0,2
9022,grp1,0,1
13109,grp2,0,2
7818,grp1,0,1
8362,grp1,0,1
8717,grp1,3,1
1090,ctrl,0,0
9842,grp1,0,1
11333,grp2,0,2
5659,grp1,2,1
6365,grp1,0,1
12784,grp2,0,2
4055,ctrl,0,0
3586,ctrl,0,0
10428,grp2,0,2
8368,grp1,0,1
2202,ctrl,0,0
7295,grp1,0,1
12931,grp2,0,2
5175,grp1,0,1
12169,grp2,0,2
10814,grp2,0,2
5078,grp1,0,1
11268,grp2,0,2
2931,ctrl,3,0
9104,grp1,0,1
12022,grp2,0,2
11144,grp2,0,2
11564,grp2,0,2
11995,grp2,0,2
13544,grp2,0,2
9426,grp1,0,1
12523,grp2,0,2
4248,ctrl,0,0
7377,grp1,0,1
3718,ctrl,0,0
6489,grp1,0,1
10269,grp2,0,2
618,ctrl,0,0
6811,grp1,0,1
13417,grp2,0,2
14703,grp2,0,2
276,ctrl,6,0
12477,grp2,0,2
5750,grp1,0,1
13892,grp2,0,2
910,ctrl,0,0
10477,grp2,0,2
7523,grp1,0,1
14247,grp2,0,2
5344,grp1,0,1
5472,grp1,0,1
13702,grp2,0,2
723,ctrl,3,0
13704,grp2,0,2
8395,grp1,0,1
53,ctrl,0,0
7551,grp1,0,1
7293,grp1,2,1
2865,ctrl,4,0
11823,grp2,0,2
13006,grp2,0,2
9923,grp1,0,1
4238,ctrl,0,0
12950,grp2,0,2
4741,ctrl,0,0
10761,grp2,0,2
4942,ctrl,0,0
7937,grp1,6,1
9153,grp1,0,1
8150,grp1,0,1
4565,ctrl,0,0
9939,grp1,0,1
7449,grp1,0,1
6357,grp1,0,1
6859,grp1,0,1
8160,grp1,0,1
11176,grp2,0,2
9484,grp1,0,1
7899,grp1,0,1
12188,grp2,4,2
452,ctrl,0,0
14346,grp2,0,2
10846,grp2,0,2
155,ctrl,0,0
4828,ctrl,0,0
10549,grp2,0,2
12135,grp2,0,2
9002,grp1,0,1
3611,ctrl,0,0
3684,ctrl,0,0
7737,grp1,0,1
2732,ctrl,0,0
1380,ctrl,0,0
13409,grp2,0,2
1261,ctrl,0,0
13543,grp2,0,2
5249,grp1,0,1
12431,grp2,0,2
3891,ctrl,0,0
5469,grp1,0,1
9970,grp1,0,1
13631,grp2,0,2
3429,ctrl,0,0
9120,grp1,0,1
4040,ctrl,0,0
8860,grp1,0,1
48,ctrl,0,0
13472,grp2,0,2
348,ctrl,0,0
4583,ctrl,3,0
8991,grp1,2,1
10935,grp2,0,2
8076,grp1,0,1
3597,ctrl,0,0
2784,ctrl,0,0
7888,grp1,0,1
13157,grp2,0,2
12332,grp2,0,2
7169,grp1,0,1
3022,ctrl,1,0
6519,grp1,0,1
9989,grp1,0,1
697,ctrl,0,0
207,ctrl,0,0
14223,grp2,0,2
13673,grp2,0,2
1907,ctrl,0,0
9585,grp1,0,1
14379,grp2,0,2
12227,grp2,0,2
13457,grp2,0,2
12077,grp2,0,2
1421,ctrl,0,0
4329,ctrl,0,0
5220,grp1,0,1
12042,grp2,0,2
2045,ctrl,0,0
2839,ctrl,12,0
4091,ctrl,0,0
6584,grp1,0,1
14721,grp2,0,2
10558,grp2,0,2
6632,grp1,0,1
2564,ctrl,0,0
9710,grp1,0,1
13717,grp2,0,2
7396,grp1,3,1
14569,grp2,0,2
13752,grp2,0,2
8404,grp1,5,1
2186,ctrl,0,0
6164,grp1,0,1
8975,grp1,0,1
2467,ctrl,0,0
9679,grp1,0,1
13007,grp2,0,2
9320,grp1,0,1
4841,ctrl,0,0
9757,grp1,0,1
3085,ctrl,2,0
421,ctrl,0,0
11699,grp2,0,2
6426,grp1,0,1
8037,grp1,0,1
952,ctrl,0,0
12781,grp2,0,2
4913,ctrl,3,0
4437,ctrl,0,0
7201,grp1,0,1
5337,grp1,0,1
13686,grp2,0,2
1956,ctrl,0,0
11429,grp2,0,2
6679,grp1,3,1
4818,ctrl,0,0
2673,ctrl,0,0
7073,grp1,0,1
9498,grp1,0,1
7664,grp1,0,1
10614,grp2,0,2
3460,ctrl,0,0
8580,grp1,11,1
12968,grp2,10,2
13195,grp2,0,2
293,ctrl,0,0
2064,ctrl,0,0
10492,grp2,0,2
3721,ctrl,0,0
1651,ctrl,0,0
328,ctrl,0,0
14117,grp2,0,2
8631,grp1,0,1
4603,ctrl,0,0
4825,ctrl,0,0
5706,grp1,6,1
7361,grp1,0,1
10867,grp2,0,2
270,ctrl,0,0
7213,grp1,0,1
611,ctrl,0,0
6187,grp1,0,1
11539,grp2,0,2
3584,ctrl,0,0
10840,grp2,0,2
8550,grp1,0,1
13051,grp2,0,2
7175,grp1,0,1
13774,grp2,0,2
13896,grp2,0,2
2010,ctrl,4,0
6012,grp1,0,1
13249,grp2,0,2
8379,grp1,0,1
11198,grp2,0,2
2096,ctrl,0,0
221,ctrl,0,0
2614,ctrl,0,0
3057,ctrl,0,0
3876,ctrl,0,0
6983,grp1,0,1
2388,ctrl,0,0
13304,grp2,0,2
6018,grp1,0,1
14424,grp2,0,2
6072,grp1,0,1
8845,grp1,0,1
13636,grp2,0,2
12528,grp2,0,2
9459,grp1,0,1
2019,ctrl,0,0
524,ctrl,0,0
14475,grp2,0,2
15,ctrl,2,0
2331,ctrl,0,0
10190,grp2,0,2
4532,ctrl,0,0
5856,grp1,0,1
4349,ctrl,0,0
14690,grp2,0,2
8841,grp1,0,1
12691,grp2,0,2
1959,ctrl,0,0
9371,grp1,3,1
14254,grp2,0,2
4880,ctrl,1,0
5233,grp1,0,1
7415,grp1,0,1
9859,grp1,0,1
12746,grp2,0,2
13772,grp2,0,2
4368,ctrl,2,0
6737,grp1,0,1
8094,grp1,0,1
10607,grp2,0,2
2746,ctrl,0,0
13499,grp2,0,2
2605,ctrl,0,0
9000,grp1,0,1
13768,grp2,0,2
13019,grp2,0,2
12964,grp2,0,2
2085,ctrl,0,0
14521,grp2,0,2
5676,grp1,0,1
279,ctrl,0,0
14205,grp2,0,2
8363,grp1,0,1
2436,ctrl,0,0
2481,ctrl,0,0
13225,grp2,0,2
13254,grp2,0,2
4673,ctrl,0,0
14525,grp2,0,2
14145,grp2,0,2
12532,grp2,0,2
1271,ctrl,0,0
9114,grp1,0,1
12845,grp2,0,2
2592,ctrl,0,0
9052,grp1,0,1
9725,grp1,0,1
3794,ctrl,0,0
13341,grp2,2,2
7359,grp1,0,1
6590,grp1,0,1
12345,grp2,0,2
1024,ctrl,0,0
2907,ctrl,0,0
14517,grp2,0,2
14729,grp2,0,2
11696,grp2,0,2
2503,ctrl,0,0
2168,ctrl,1,0
11784,grp2,0,2
6496,grp1,0,1
7137,grp1,4,1
14445,grp2,0,2
14378,grp2,0,2
100,ctrl,3,0
4372,ctrl,0,0
14630,grp2,0,2
372,ctrl,0,0
5496,grp1,0,1
2972,ctrl,1,0
2378,ctrl,0,0
4115,ctrl,0,0
14956,grp2,0,2
4135,ctrl,0,0
7017,grp1,0,1
1720,ctrl,0,0
1754,ctrl,0,0
6338,grp1,2,1
4118,ctrl,0,0
6985,grp1,0,1
10748,grp2,0,2
4831,ctrl,0,0
14349,grp2,0,2
5698,grp1,0,1
939,ctrl,0,0
984,ctrl,0,0
4525,ctrl,0,0
12420,grp2,0,2
139,ctrl,0,0
13117,grp2,0,2
3382,ctrl,0,0
3195,ctrl,0,0
5656,grp1,0,1
7711,grp1,0,1
9424,grp1,9,1
9305,grp1,0,1
3453,ctrl,4,0
10506,grp2,0,2
4380,ctrl,0,0
10609,grp2,0,2
1838,ctrl,0,0
2724,ctrl,0,0
14807,grp2,0,2
2590,ctrl,3,0
8579,grp1,1,1
11955,grp2,0,2
14919,grp2,13,2
9637,grp1,0,1
7352,grp1,0,1
798,ctrl,0,0
7331,grp1,0,1
5251,grp1,5,1
7194,grp1,0,1
13375,grp2,0,2
8407,grp1,0,1
21,ctrl,0,0
5956,grp1,0,1
1851,ctrl,0,0
6492,grp1,0,1
619,ctrl,0,0
8456,grp1,0,1
2858,ctrl,0,0
12530,grp2,0,2
4210,ctrl,4,0
1130,ctrl,0,0
7016,grp1,0,1
11551,grp2,0,2
5804,grp1,0,1
4720,ctrl,0,0
3674,ctrl,0,0
6926,grp1,0,1
7816,grp1,0,1
11698,grp2,0,2
13708,grp2,0,2
9074,grp1,0,1
579,ctrl,0,0
3761,ctrl,0,0
4849,ctrl,0,0
9793,grp1,7,1
10739,grp2,0,2
13299,grp2,0,2
6362,grp1,0,1
14872,grp2,0,2
2725,ctrl,0,0
7411,grp1,0,1
10652,grp2,0,2
14990,grp2,0,2
5580,grp1,0,1
171,ctrl,0,0
9131,grp1,0,1
4110,ctrl,3,0
1929,ctrl,3,0
6165,grp1,1,1
5261,grp1,0,1
9094,grp1,0,1
10595,grp2,0,2
11873,grp2,0,2
5457,grp1,0,1
14594,grp2,0,2
1061,ctrl,7,0
9443,grp1,0,1
7197,grp1,0,1
14685,grp2,0,2
8434,grp1,0,1
10448,grp2,0,2
3112,ctrl,0,0
12621,grp2,6,2
2508,ctrl,0,0
6397,grp1,0,1
8421,grp1,0,1
7093,grp1,6,1
5445,grp1,0,1
2659,ctrl,0,0
5247,grp1,0,1
2050,ctrl,0,0
1370,ctrl,3,0
1504,ctrl,0,0
997,ctrl,0,0
5181,grp1,0,1
5430,grp1,0,1
14579,grp2,0,2
2443,ctrl,0,0
14991,grp2,0,2
7057,grp1,0,1
10260,grp2,0,2
4168,ctrl,0,0
7573,grp1,0,1
7394,grp1,0,1
800,ctrl,0,0
11402,grp2,0,2
3473,ctrl,0,0
8318,grp1,0,1
9947,grp1,6,1
14244,grp2,0,2
6696,grp1,0,1
5909,grp1,0,1
14580,grp2,0,2
12342,grp2,0,2
1500,ctrl,0,0
5760,grp1,0,1
5070,grp1,0,1
11835,grp2,0,2
4752,ctrl,0,0
8513,grp1,0,1
12154,grp2,0,2
948,ctrl,0,0
12367,grp2,0,2
12652,grp2,0,2
6497,grp1,0,1
12836,grp2,0,2
8805,grp1,0,1
7255,grp1,3,1
1953,ctrl,0,0
4805,ctrl,0,0
12747,grp2,0,2
6485,grp1,1,1
14839,grp2,0,2
4376,ctrl,0,0
6218,grp1,0,1
666,ctrl,0,0
8775,grp1,0,1
2486,ctrl,0,0
3333,ctrl,0,0
5234,grp1,0,1
3080,ctrl,0,0
6949,grp1,0,1
9095,grp1,0,1
11324,grp2,0,2
11797,grp2,0,2
14651,grp2,0,2
2306,ctrl,0,0
8021,grp1,12,1
974,ctrl,0,0
7021,grp1,2,1
4791,ctrl,0,0
1236,ctrl,0,0
12504,grp2,0,2
4511,ctrl,0,0
878,ctrl,0,0
11659,grp2,0,2
6162,grp1,0,1
6184,grp1,0,1
12063,grp2,0,2
4536,ctrl,0,0
4612,ctrl,0,0
1615,ctrl,0,0
11792,grp2,0,2
8776,grp1,0,1
11852,grp2,0,2
6366,grp1,0,1
5099,grp1,0,1
2153,ctrl,0,0
3991,ctrl,0,0
9088,grp1,0,1
6662,grp1,0,1
4079,ctrl,0,0
11410,grp2,0,2
1788,ctrl,0,0
12552,grp2,0,2
1184,ctrl,0,0
6762,grp1,0,1
3225,ctrl,0,0
5910,grp1,0,1
8886,grp1,0,1
14896,grp2,0,2
9717,grp1,8,1
5803,grp1,0,1
11702,grp2,0,2
13664,grp2,0,2
4606,ctrl,0,0
13179,grp2,0,2
5488,grp1,0,1
13418,grp2,0,2
13001,grp2,0,2
9071,grp1,0,1
4056,ctrl,0,0
4399,ctrl,0,0
14975,grp2,0,2
5444,grp1,0,1
9336,grp1,0,1
6421,grp1,2,1
86,ctrl,0,0
8040,grp1,0,1
11202,grp2,0,2
5236,grp1,0,1
13655,grp2,0,2
8053,grp1,0,1
2200,ctrl,0,0
14973,grp2,0,2
10164,grp2,0,2
9509,grp1,0,1
12410,grp2,0,2
14667,grp2,0,2
3016,ctrl,0,0
2024,ctrl,0,0
5219,grp1,0,1
13798,grp2,0,2
5077,grp1,0,1
10647,grp2,0,2
6848,grp1,2,1
2933,ctrl,0,0
5223,grp1,0,1
14819,grp2,0,2
8948,grp1,0,1
9378,grp1,0,1
1357,ctrl,0,0
11554,grp2,0,2
14001,grp2,0,2
9407,grp1,0,1
6474,grp1,0,1
247,ctrl,0,0
1482,ctrl,0,0
2516,ctrl,0,0
14478,grp2,0,2
13440,grp2,0,2
3006,ctrl,2,0
9239,grp1,0,1
11648,grp2,0,2
13736,grp2,0,2
9900,grp1,0,1
4844,ctrl,0,0
7283,grp1,0,1
457,ctrl,0,0
7179,grp1,0,1
4785,ctrl,0,0
8511,grp1,0,1
5837,grp1,0,1
8401,grp1,0,1
4878,ctrl,0,0
2867,ctrl,0,0
5904,grp1,0,1
12468,grp2,0,2
11442,grp2,0,2
1002,ctrl,0,0
8659,grp1,0,1
3908,ctrl,0,0
9692,grp1,0,1
11627,grp2,0,2
1852,ctrl,0,0
4065,ctrl,0,0
2514,ctrl,0,0
4784,ctrl,3,0
14299,grp2,0,2
10690,grp2,0,2
6439,grp1,0,1
14641,grp2,0,2
918,ctrl,0,0
325,ctrl,0,0
11607,grp2,0,2
3390,ctrl,4,0
14963,grp2,0,2
8254,grp1,0,1
5520,grp1,0,1
4046,ctrl,0,0
3291,ctrl,0,0
602,ctrl,0,0
5104,grp1,0,1
12373,grp2,0,2
12864,grp2,5,2
1987,ctrl,0,0
4027,ctrl,0,0
6014,grp1,0,1
2060,ctrl,0,0
6099,grp1,0,1
10817,grp2,0,2
12290,grp2,0,2
4270,ctrl,0,0
11234,grp2,0,2
14026,grp2,0,2
11763,grp2,0,2
6633,grp1,0,1
749,ctrl,0,0
5300,grp1,0,1
3159,ctrl,0,0
7375,grp1,0,1
9254,grp1,0,1
4767,ctrl,0,0
7733,grp1,0,1
11982,grp2,0,2
11898,grp2,0,2
1471,ctrl,0,0
13590,grp2,0,2
12309,grp2,6,2
8132,grp1,0,1
13127,grp2,3,2
12582,grp2,0,2
11977,grp2,0,2
842,ctrl,0,0
6835,grp1,0,1
6531,grp1,0,1
6503,grp1,0,1
9997,grp1,0,1
4653,ctrl,0,0
2540,ctrl,0,0
10632,grp2,0,2
10215,grp2,0,2
630,ctrl,4,0
6500,grp1,0,1
9877,grp1,0,1
5915,grp1,0,1
682,ctrl,0,0
9664,grp1,0,1
5613,grp1,0,1
14733,grp2,0,2
1154,ctrl,0,0
13961,grp2,0,2
14917,grp2,0,2
6221,grp1,0,1
4281,ctrl,0,0
10608,grp2,0,2
6758,grp1,0,1
6064,grp1,0,1
11100,grp2,0,2
1599,ctrl,0,0
1977,ctrl,0,0
2835,ctrl,0,0
11543,grp2,0,2
14013,grp2,0,2
13583,grp2,23,2
4854,ctrl,0,0
12898,grp2,0,2
9988,grp1,0,1
9257,grp1,0,1
3791,ctrl,1,0
1888,ctrl,0,0
2203,ctrl,0,0
1773,ctrl,0,0
12731,grp2,0,2
13779,grp2,1,2
2416,ctrl,0,0
2430,ctrl,0,0
12283,grp2,0,2
8892,grp1,0,1
3212,ctrl,0,0
9115,grp1,0,1
3734,ctrl,0,0
12204,grp2,0,2
1074,ctrl,0,0
3809,ctrl,0,0
6116,grp1,0,1
5587,grp1,0,1
4521,ctrl,0,0
10475,grp2,0,2
6189,grp1,0,1
11891,grp2,0,2
7379,grp1,0,1
10783,grp2,0,2
4948,ctrl,0,0
2883,ctrl,0,0
5696,grp1,0,1
10597,grp2,1,2
3369,ctrl,0,0
11756,grp2,0,2
8615,grp1,0,1
10041,grp2,0,2
6124,grp1,0,1
1333,ctrl,0,0
10727,grp2,5,2
9264,grp1,0,1
13971,grp2,0,2
8662,grp1,0,1
13169,grp2,0,2
14195,grp2,0,2
7421,grp1,0,1
10284,grp2,0,2
8876,grp1,0,1
12256,grp2,0,2
417,ctrl,5,0
4312,ctrl,0,0
12511,grp2,0,2
5678,grp1,0,1
14837,grp2,0,2
12112,grp2,0,2
10136,grp2,0,2
12743,grp2,0,2
12395,grp2,0,2
12401,grp2,0,2
10923,grp2,0,2
772,ctrl,0,0
7157,grp1,0,1
4549,ctrl,0,0
7062,grp1,0,1
2752,ctrl,0,0
11990,grp2,0,2
7265,grp1,0,1
9930,grp1,3,1
8695,grp1,2,1
11262,grp2,0,2
9964,grp1,0,1
13390,grp2,0,2
12918,grp2,0,2
7541,grp1,0,1
10757,grp2,0,2
9903,grp1,0,1
243,ctrl,0,0
13489,grp2,0,2
4228,ctrl,0,0
1366,ctrl,0,0
9380,grp1,0,1
7098,grp1,0,1
1791,ctrl,0,0
6432,grp1,0,1
1099,ctrl,0,0
8684,grp1,0,1
11167,grp2,0,2
10070,grp2,0,2
12101,grp2,0,2
1962,ctrl,0,0
12934,grp2,0,2
8934,grp1,0,1
2197,ctrl,0,0
9891,grp1,0,1
3690,ctrl,0,0
12481,grp2,0,2
14893,grp2,0,2
11056,grp2,0,2
14972,grp2,0,2
664,ctrl,0,0
1376,ctrl,0,0
4483,ctrl,0,0
987,ctrl,0,0
5471,grp1,0,1
8084,grp1,0,1
6505,grp1,0,1
981,ctrl,0,0
3138,ctrl,0,0
13941,grp2,0,2
12002,grp2,0,2
5817,grp1,2,1
4938,ctrl,0,0
14677,grp2,0,2
13221,grp2,0,2
13394,grp2,0,2
5782,grp1,1,1
13942,grp2,0,2
12842,grp2,0,2
5546,grp1,0,1
2249,ctrl,0,0
4439,ctrl,0,0
730,ctrl,0,0
146,ctrl,0,0
14463,grp2,0,2
14393,grp2,0,2
6858,grp1,0,1
8849,grp1,0,1
2796,ctrl,0,0
7821,grp1,5,1
2727,ctrl,0,0
1617,ctrl,0,0
9616,grp1,0,1
9282,grp1,0,1
11134,grp2,0,2
12865,grp2,0,2
3739,ctrl,2,0
12895,grp2,0,2
9167,grp1,0,1
9137,grp1,0,1
6807,grp1,0,1
5631,grp1,0,1
13381,grp2,0,2
10046,grp2,0,2
8380,grp1,0,1
63,ctrl,0,0
5346,grp1,0,1
6524,grp1,0,1
11029,grp2,0,2
14480,grp2,0,2
5955,grp1,0,1
4940,ctrl,0,0
5861,grp1,0,1
14276,grp2,0,2
3744,ctrl,0,0
4196,ctrl,0,0
4405,ctrl,0,0
13197,grp2,0,2
4850,ctrl,0,0
9546,grp1,0,1
10451,grp2,0,2
10111,grp2,0,2
14912,grp2,0,2
743,ctrl,0,0
926,ctrl,0,0
3321,ctrl,0,0
10375,grp2,0,2
9737,grp1,0,1
6110,grp1,0,1
8575,grp1,6,1
3395,ctrl,0,0
11738,grp2,0,2
13235,grp2,0,2
3829,ctrl,1,0
10079,grp2,0,2
11172,grp2,12,2
10429,grp2,0,2
14545,grp2,0,2
2366,ctrl,0,0
12271,grp2,0,2
4955,ctrl,0,0
5628,grp1,0,1
1207,ctrl,0,0
4695,ctrl,0,0
12318,grp2,0,2
1185,ctrl,0,0
7204,grp1,0,1
10902,grp2,0,2
3890,ctrl,0,0
6114,grp1,0,1
6065,grp1,0,1
7335,grp1,0,1
10542,grp2,0,2
7767,grp1,8,1
9945,grp1,0,1
14814,grp2,0,2
12458,grp2,0,2
9112,grp1,0,1
1890,ctrl,2,0
4508,ctrl,0,0
805,ctrl,0,0
4743,ctrl,1,0
8818,grp1,11,1
2423,ctrl,0,0
7490,grp1,4,1
7976,grp1,0,1
5961,grp1,0,1
3585,ctrl,0,0
11984,grp2,0,2
12113,grp2,0,2
9160,grp1,0,1
2820,ctrl,2,0
5083,grp1,0,1
4304,ctrl,0,0
7086,grp1,0,1
7898,grp1,0,1
8499,grp1,0,1
6283,grp1,0,1
7190,grp1,0,1
8633,grp1,1,1
14708,grp2,0,2
954,ctrl,0,0
4209,ctrl,0,0
2982,ctrl,1,0
2559,ctrl,1,0
2990,ctrl,0,0
4295,ctrl,0,0
10725,grp2,0,2
14175,grp2,0,2
8264,grp1,0,1
3449,ctrl,0,0
6336,grp1,0,1
12857,grp2,0,2
13997,grp2,0,2
12777,grp2,0,2
10384,grp2,0,2
11276,grp2,0,2
9759,grp1,0,1
12707,grp2,17,2
4685,ctrl,0,0
5161,grp1,0,1
11194,grp2,0,2
5703,grp1,0,1
9391,grp1,0,1
11750,grp2,0,2
11993,grp2,0,2
8342,grp1,0,1
12888,grp2,0,2
14808,grp2,0,2
3855,ctrl,0,0
1115,ctrl,0,0
9235,grp1,0,1
1289,ctrl,0,0
7025,grp1,0,1
3782,ctrl,0,0
4374,ctrl,6,0
5100,grp1,0,1
11401,grp2,0,2
7567,grp1,0,1
9006,grp1,0,1
2029,ctrl,0,0
11288,grp2,0,2
6226,grp1,0,1
7564,grp1,0,1
11867,grp2,0,2
3922,ctrl,0,0
11776,grp2,0,2
13648,grp2,0,2
12821,grp2,0,2
130,ctrl,0,0
95,ctrl,0,0
11829,grp2,0,2
3153,ctrl,0,0
1607,ctrl,0,0
11592,grp2,0,2
14522,grp2,0,2
11548,grp2,15,2
9076,grp1,0,1
242,ctrl,1,0
4385,ctrl,0,0
9609,grp1,0,1
7144,grp1,0,1
8086,grp1,0,1
7782,grp1,1,1
2646,ctrl,0,0
3205,ctrl,0,0
2158,ctrl,0,0
9117,grp1,0,1
9460,grp1,1,1
6251,grp1,0,1
14468,grp2,0,2
4568,ctrl,0,0
3099,ctrl,0,0
4513,ctrl,0,0
7826,grp1,0,1
7260,grp1,0,1
1604,ctrl,0,0
3549,ctrl,5,0
4251,ctrl,0,0
13956,grp2,0,2
12540,grp2,0,2
4687,ctrl,0,0
11133,grp2,0,2
11952,grp2,0,2
11927,grp2,0,2
6744,grp1,0,1
5661,grp1,0,1
10052,grp2,0,2
6713,grp1,1,1
12986,grp2,0,2
14875,grp2,0,2
6095,grp1,0,1
5504,grp1,0,1
386,ctrl,0,0
12026,grp2,0,2
3883,ctrl,0,0
1273,ctrl,0,0
1172,ctrl,0,0
12513,grp2,0,2
5291,grp1,0,1
10728,grp2,0,2
4081,ctrl,0,0
9189,grp1,0,1
10252,grp2,0,2
14146,grp2,2,2
11322,grp2,0,2
13573,grp2,0,2
12659,grp2,0,2
10099,grp2,0,2
4819,ctrl,0,0
10790,grp2,0,2
9851,grp1,0,1
6463,grp1,0,1
14838,grp2,0,2
6695,grp1,0,1
4013,ctrl,0,0
6252,grp1,0,1
1395,ctrl,1,0
12564,grp2,0,2
14829,grp2,0,2
8972,grp1,0,1
9192,grp1,0,1
10217,grp2,14,2
1777,ctrl,0,0
10952,grp2,0,2
6691,grp1,0,1
10297,grp2,0,2
4986,ctrl,4,0
7006,grp1,0,1
5357,grp1,0,1
6007,grp1,0,1
3607,ctrl,0,0
244,ctrl,0,0
6708,grp1,0,1
8125,grp1,0,1
14261,grp2,0,2
1947,ctrl,1,0
6683,grp1,0,1
5923,grp1,0,1
12403,grp2,0,2
7118,grp1,0,1
1066,ctrl,0,0
6864,grp1,0,1
2138,ctrl,3,0
8895,grp1,0,1
14471,grp2,0,2
1140,ctrl,0,0
4411,ctrl,0,0
11509,grp2,0,2
9187,grp1,0,1
2300,ctrl,0,0
12086,grp2,0,2
12014,grp2,0,2
6263,grp1,0,1
14481,grp2,0,2
3485,ctrl,0,0
884,ctrl,0,0
8293,grp1,0,1
2369,ctrl,0,0
7217,grp1,0,1
1732,ctrl,0,0
9433,grp1,0,1
8520,grp1,0,1
1610,ctrl,0,0
5523,grp1,0,1
13873,grp2,0,2
10853,grp2,0,2
4560,ctrl,0,0
3169,ctrl,0,0
6051,grp1,0,1
11527,grp2,0,2
6785,grp1,0,1
11634,grp2,0,2
2711,ctrl,0,0
7787,grp1,0,1
11793,grp2,0,2
1091,ctrl,0,0
8619,grp1,0,1
4218,ctrl,1,0
2538,ctrl,0,0
5754,grp1,0,1
11506,grp2,0,2
8133,grp1,9,1
8360,grp1,0,1
2995,ctrl,0,0
12351,grp2,0,2
14390,grp2,0,2
5414,grp1,0,1
415,ctrl,0,0
217,ctrl,1,0
2795,ctrl,0,0
1103,ctrl,0,0
8958,grp1,0,1
1824,ctrl,0,0
6574,grp1,0,1
2670,ctrl,0,0
13229,grp2,0,2
12490,grp2,0,2
12600,grp2,0,2
13847,grp2,0,2
8865,grp1,0,1
332,ctrl,0,0
7191,grp1,0,1
5800,grp1,0,1
12754,grp2,0,2
327,ctrl,4,0
1799,ctrl,0,0
13969,grp2,0,2
2330,ctrl,0,0
4300,ctrl,0,0
8326,grp1,0,1
2163,ctrl,0,0
11732,grp2,0,2
3763,ctrl,0,0
8117,grp1,0,1
7815,grp1,0,1
5139,grp1,0,1
4898,ctrl,5,0
12794,grp2,0,2
2121,ctrl,6,0
8836,grp1,0,1
1641,ctrl,0,0
2710,ctrl,0,0
10894,grp2,0,2
1614,ctrl,0,0
3640,ctrl,4,0
2639,ctrl,0,0
8233,grp1,0,1
5064,grp1,0,1
8337,grp1,0,1
11003,grp2,0,2
13307,grp2,0,2
13960,grp2,0,2
5679,grp1,0,1
13308,grp2,0,2
12162,grp2,0,2
9096,grp1,0,1
7069,grp1,0,1
11840,grp2,0,2
9741,grp1,0,1
12952,grp2,0,2
10675,grp2,0,2
3229,ctrl,0,0
3272,ctrl,0,0
3938,ctrl,0,0
14355,grp2,0,2
4404,ctrl,0,0
14307,grp2,0,2
2308,ctrl,0,0
6445,grp1,0,1
12984,grp2,0,2
9243,grp1,0,1
10206,grp2,0,2
9954,grp1,0,1
10513,grp2,0,2
8197,grp1,0,1
13532,grp2,0,2
7439,grp1,0,1
9640,grp1,0,1
1933,ctrl,0,0
2058,ctrl,0,0
7788,grp1,0,1
12737,grp2,0,2
10325,grp2,0,2
11616,grp2,0,2
7993,grp1,0,1
3328,ctrl,0,0
11089,grp2,0,2
3301,ctrl,0,0
4658,ctrl,0,0
14456,grp2,0,2
14671,grp2,0,2
9025,grp1,0,1
5120,grp1,0,1
11175,grp2,0,2
729,ctrl,0,0
10875,grp2,0,2
5185,grp1,0,1
6810,grp1,6,1
13148,grp2,0,2
13162,grp2,1,2
13284,grp2,0,2
5796,grp1,0,1
7578,grp1,4,1
5501,grp1,0,1
7862,grp1,0,1
2310,ctrl,0,0
8443,grp1,0,1
8483,grp1,0,1
3801,ctrl,0,0
14617,grp2,0,2
8216,grp1,0,1
11928,grp2,5,2
10357,grp2,0,2
9914,grp1,0,1
5733,grp1,0,1
5215,grp1,0,1
12415,grp2,0,2
14640,grp2,0,2
1126,ctrl,0,0
12090,grp2,0,2
6815,grp1,0,1
1135,ctrl,0,0
4137,ctrl,1,0
11641,grp2,0,2
6342,grp1,0,1
3332,ctrl,0,0
1804,ctrl,0,0
14760,grp2,0,2
1364,ctrl,5,0
10342,grp2,0,2
5108,grp1,0,1
13670,grp2,0,2
4998,ctrl,1,0
248,ctrl,1,0
304,ctrl,0,0
12710,grp2,0,2
8290,grp1,0,1
7917,grp1,0,1
9596,grp1,0,1
5058,grp1,0,1
8373,grp1,0,1
5395,grp1,0,1
2987,ctrl,0,0
11602,grp2,0,2
13840,grp2,0,2
10626,grp2,0,2
12662,grp2,0,2
13685,grp2,0,2
8922,grp1,0,1
6821,grp1,0,1
1974,ctrl,0,0
5778,grp1,0,1
8414,grp1,0,1
4319,ctrl,0,0
12024,grp2,0,2
4141,ctrl,0,0
10889,grp2,0,2
10990,grp2,0,2
9168,grp1,0,1
3950,ctrl,0,0
1672,ctrl,0,0
10769,grp2,0,2
7281,grp1,1,1
1571,ctrl,0,0
6767,grp1,0,1
3702,ctrl,0,0
2190,ctrl,0,0
13259,grp2,0,2
8275,grp1,0,1
6665,grp1,0,1
628,ctrl,6,0
3747,ctrl,0,0
6487,grp1,0,1
4094,ctrl,4,0
232,ctrl,0,0
7528,grp1,0,1
8735,grp1,0,1
2900,ctrl,0,0
10366,grp2,0,2
13378,grp2,0,2
10145,grp2,0,2
546,ctrl,0,0
6974,grp1,0,1
7725,grp1,0,1
11534,grp2,0,2
896,ctrl,0,0
14362,grp2,0,2
11014,grp2,0,2
12956,grp2,0,2
3076,ctrl,0,0
3125,ctrl,0,0
14813,grp2,0,2
3430,ctrl,0,0
10628,grp2,0,2
14531,grp2,0,2
14358,grp2,0,2
9384,grp1,0,1
555,ctrl,0,0
9613,grp1,0,1
530,ctrl,0,0
3522,ctrl,0,0
14946,grp2,0,2
10592,grp2,0,2
11755,grp2,0,2
8723,grp1,0,1
10032,grp2,0,2
4223,ctrl,0,0
14201,grp2,0,2
7732,grp1,0,1
2062,ctrl,0,0
12889,grp2,0,2
3898,ctrl,0,0
11773,grp2,0,2
10148,grp2,0,2
11142,grp2,0,2
8279,grp1,0,1
4686,ctrl,0,0
1659,ctrl,0,0
6329,grp1,0,1
14153,grp2,0,2
10561,grp2,8,2
298,ctrl,0,0
6709,grp1,0,1
1247,ctrl,0,0
3204,ctrl,0,0
1499,ctrl,0,0
5735,grp1,0,1
8532,grp1,6,1
34,ctrl,0,0
13253,grp2,0,2
2722,ctrl,1,0
9742,grp1,0,1
9873,grp1,1,1
3007,ctrl,0,0
2304,ctrl,0,0
1404,ctrl,0,0
4217,ctrl,0,0
6907,grp1,0,1
11066,grp2,0,2
12858,grp2,0,2
4212,ctrl,0,0
12761,grp2,0,2
12841,grp2,0,2
8665,grp1,0,1
11652,grp2,0,2
3882,ctrl,0,0
8859,grp1,0,1
3719,ctrl,1,0
988,ctrl,0,0
797,ctrl,0,0
3661,ctrl,0,0
7313,grp1,0,1
8889,grp1,0,1
9569,grp1,0,1
336,ctrl,0,0
11636,grp2,0,2
8266,grp1,0,1
9807,grp1,0,1
7168,grp1,0,1
9195,grp1,0,1
1268,ctrl,16,0
4061,ctrl,0,0
8516,grp1,0,1
3775,ctrl,0,0
13653,grp2,0,2
14034,grp2,0,2
5409,grp1,0,1
13925,grp2,0,2
13423,grp2,0,2
7186,grp1,0,1
12194,grp2,0,2
5187,grp1,10,1
3388,ctrl,0,0
7462,grp1,0,1
3223,ctrl,0,0
10220,grp2,0,2
14955,grp2,0,2
14374,grp2,0,2
14284,grp2,0,2
12226,grp2,0,2
6557,grp1,0,1
13295,grp2,0,2
12311,grp2,0,2
11854,grp2,0,2
5398,grp1,0,1
2536,ctrl,0,0
11705,grp2,0,2
13814,grp2,0,2
12280,grp2,0,2
8468,grp1,0,1
9746,grp1,0,1
5387,grp1,0,1
7423,grp1,0,1
641,ctrl,0,0
14293,grp2,0,2
11122,grp2,0,2
9233,grp1,0,1
6004,grp1,0,1
7795,grp1,0,1
97,ctrl,6,0
6185,grp1,0,1
4260,ctrl,0,0
13980,grp2,0,2
5686,grp1,4,1
4108,ctrl,0,0
7883,grp1,0,1
1603,ctrl,0,0
626,ctrl,0,0
6755,grp1,0,1
6015,grp1,0,1
1556,ctrl,0,0
13890,grp2,0,2
7485,grp1,0,1
8451,grp1,0,1
6303,grp1,0,1
4990,ctrl,0,0
5897,grp1,2,1
3487,ctrl,0,0
7219,grp1,0,1
11734,grp2,0,2
12763,grp2,0,2
12602,grp2,0,2
299,ctrl,0,0
14947,grp2,0,2
799,ctrl,1,0
2845,ctrl,0,0
3489,ctrl,0,0
9396,grp1,2,1
3668,ctrl,0,0
11477,grp2,0,2
4634,ctrl,0,0
2498,ctrl,0,0
9500,grp1,0,1
14221,grp2,0,2
4197,ctrl,0,0
3008,ctrl,0,0
5180,grp1,0,1
7735,grp1,0,1
6975,grp1,0,1
1217,ctrl,0,0
1308,ctrl,0,0
13323,grp2,0,2
4149,ctrl,0,0
7504,grp1,0,1
5547,grp1,3,1
1189,ctrl,0,0
9631,grp1,0,1
2095,ctrl,0,0
6748,grp1,0,1
7980,grp1,0,1
10329,grp2,0,2
2613,ctrl,0,0
9667,grp1,0,1
8506,grp1,0,1
11799,grp2,0,2
5621,grp1,0,1
12534,grp2,0,2
7742,grp1,0,1
4428,ctrl,0,0
3547,ctrl,0,0
887,ctrl,0,0
5944,grp1,0,1
2056,ctrl,0,0
14485,grp2,0,2
5019,grp1,0,1
2383,ctrl,0,0
14136,grp2,0,2
510,ctrl,0,0
13926,grp2,0,2
10003,grp2,0,2
6818,grp1,0,1
10191,grp2,0,2
9091,grp1,0,1
7941,grp1,0,1
7051,grp1,0,1
343,ctrl,1,0
7776,grp1,0,1
2258,ctrl,0,0
8190,grp1,0,1
13216,grp2,0,2
9919,grp1,0,1
6316,grp1,0,1
13760,grp2,0,2
13351,grp2,0,2
14775,grp2,20,2
2078,ctrl,0,0
10227,grp2,0,2
12201,grp2,0,2
5500,grp1,0,1
4042,ctrl,0,0
770,ctrl,0,0
3149,ctrl,0,0
761,ctrl,1,0
12740,grp2,0,2
1683,ctrl,0,0
1285,ctrl,0,0
14849,grp2,0,2
6607,grp1,0,1
4087,ctrl,1,0
8010,grp1,0,1
8371,grp1,0,1
10045,grp2,0,2
4148,ctrl,6,0
8993,grp1,0,1
10974,grp2,0,2
12097,grp2,0,2
4545,ctrl,0,0
3698,ctrl,0,0
2271,ctrl,0,0
11905,grp2,0,2
9474,grp1,0,1
12629,grp2,0,2
3484,ctrl,0,0
4660,ctrl,0,0
12503,grp2,0,2
746,ctrl,0,0
7056,grp1,0,1
2248,ctrl,0,0
13176,grp2,0,2
5056,grp1,0,1
10098,grp2,0,2
11775,grp2,0,2
12807,grp2,0,2
5695,grp1,0,1
11596,grp2,0,2
9228,grp1,0,1
7085,grp1,0,1
2857,ctrl,13,0
5159,grp1,0,1
8489,grp1,0,1
13623,grp2,0,2
2144,ctrl,0,0
13988,grp2,0,2
12551,grp2,0,2
2701,ctrl,0,0
2003,ctrl,0,0
14595,grp2,0,2
6152,grp1,0,1
8123,grp1,1,1
5874,grp1,0,1
3913,ctrl,0,0
6272,grp1,0,1
7871,grp1,0,1
2135,ctrl,0,0
12882,grp2,0,2
2814,ctrl,1,0
1028,ctrl,1,0
14269,grp2,10,2
11155,grp2,0,2
3765,ctrl,0,0
2087,ctrl,0,0
7513,grp1,1,1
2807,ctrl,0,0
8941,grp1,0,1
6306,grp1,0,1
14924,grp2,0,2
7011,grp1,5,1
13011,grp2,0,2
4734,ctrl,0,0
281,ctrl,0,0
4578,ctrl,0,0
14857,grp2,0,2
4783,ctrl,0,0
13514,grp2,0,2
11008,grp2,0,2
13764,grp2,0,2
6900,grp1,5,1
7,ctrl,0,0
8698,grp1,0,1
14211,grp2,0,2
7877,grp1,0,1
8253,grp1,0,1
9312,grp1,0,1
3845,ctrl,0,0
5931,grp1,0,1
4675,ctrl,0,0
8378,grp1,0,1
5289,grp1,0,1
12161,grp2,0,2
3521,ctrl,0,0
10805,grp2,2,2
3701,ctrl,0,0
2334,ctrl,0,0
10738,grp2,0,2
10178,grp2,0,2
9418,grp1,0,1
14618,grp2,0,2
3290,ctrl,0,0
4263,ctrl,0,0
4543,ctrl,0,0
7724,grp1,0,1
10167,grp2,0,2
7800,grp1,0,1
13730,grp2,0,2
14776,grp2,0,2
7657,grp1,0,1
872,ctrl,0,0
11300,grp2,0,2
1784,ctrl,0,0
12732,grp2,0,2
766,ctrl,0,0
2895,ctrl,0,0
14566,grp2,0,2
6468,grp1,0,1
4284,ctrl,0,0
10439,grp2,0,2
10732,grp2,0,2
7693,grp1,3,1
13217,grp2,0,2
7614,grp1,0,1
7434,grp1,0,1
12685,grp2,0,2
13044,grp2,0,2
784,ctrl,0,0
14168,grp2,0,2
12058,grp2,0,2
4012,ctrl,0,0
2679,ctrl,0,0
12460,grp2,0,2
12282,grp2,0,2
11494,grp2,0,2
9604,grp1,0,1
2583,ctrl,0,0
12518,grp2,0,2
12623,grp2,0,2
13034,grp2,2,2
2256,ctrl,0,0
13207,grp2,0,2
1984,ctrl,4,0
5455,grp1,0,1
6225,grp1,0,1
8410,grp1,0,1
5559,grp1,0,1
7540,grp1,0,1
12078,grp2,0,2
6645,grp1,0,1
3779,ctrl,0,0
9608,grp1,0,1
7226,grp1,0,1
1673,ctrl,0,0
13936,grp2,2,2
1712,ctrl,1,0
14986,grp2,0,2
1868,ctrl,0,0
8709,grp1,0,1
14931,grp2,0,2
14646,grp2,0,2
9586,grp1,0,1
11237,grp2,0,2
14430,grp2,0,2
14559,grp2,0,2
1394,ctrl,0,0
88,ctrl,0,0
9364,grp1,0,1
4596,ctrl,0,0
2014,ctrl,0,0
11397,grp2,0,2
11165,grp2,0,2
14512,grp2,0,2
1692,ctrl,0,0
1897,ctrl,0,0
2259,ctrl,0,0
3436,ctrl,0,0
2222,ctrl,13,0
5638,grp1,4,1
11758,grp2,0,2
9332,grp1,0,1
5470,grp1,0,1
2371,ctrl,0,0
7939,grp1,0,1
10496,grp2,0,2
776,ctrl,0,0
8884,grp1,0,1
2832,ctrl,0,0
10402,grp2,0,2
8643,grp1,0,1
14740,grp2,0,2
8157,grp1,0,1
13228,grp2,0,2
5649,grp1,0,1
10746,grp2,0,2
46,ctrl,0,0
10720,grp2,0,2
514,ctrl,0,0
6327,grp1,0,1
14005,grp2,0,2
6558,grp1,0,1
14200,grp2,0,2
8989,grp1,0,1
8063,grp1,0,1
6330,grp1,0,1
368,ctrl,0,0
12663,grp2,0,2
3319,ctrl,0,0
5578,grp1,0,1
1588,ctrl,0,0
11491,grp2,0,2
2157,ctrl,0,0
2696,ctrl,0,0
12111,grp2,0,2
11597,grp2,0,2
4735,ctrl,0,0
1479,ctrl,0,0
1909,ctrl,0,0
2177,ctrl,3,0
14045,grp2,0,2
12250,grp2,5,2
540,ctrl,0,0
6302,grp1,1,1
11882,grp2,0,2
7847,grp1,0,1
6147,grp1,0,1
7498,grp1,0,1
3103,ctrl,0,0
8272,grp1,0,1
2111,ctrl,0,0
11743,grp2,0,2
580,ctrl,0,0
3143,ctrl,0,0
14,ctrl,0,0
204,ctrl,0,0
1976,ctrl,3,0
2179,ctrl,0,0
4402,ctrl,0,0
1846,ctrl,0,0
13421,grp2,0,2
9539,grp1,0,1
8418,grp1,0,1
1859,ctrl,0,0
6548,grp1,0,1
13746,grp2,0,2
3031,ctrl,0,0
6465,grp1,0,1
6425,grp1,0,1
9475,grp1,0,1
2693,ctrl,0,0
11199,grp2,0,2
10621,grp2,0,2
8308,grp1,0,1
3872,ctrl,0,0
10214,grp2,0,2
3354,ctrl,0,0
13562,grp2,0,2
14953,grp2,0,2
12924,grp2,0,2
12387,grp2,0,2
782,ctrl,0,0
1010,ctrl,0,0
23,ctrl,0,0
1292,ctrl,0,0
13792,grp2,0,2
10918,grp2,0,2
9836,grp1,0,1
2178,ctrl,0,0
1367,ctrl,0,0
1309,ctrl,0,0
14366,grp2,0,2
5555,grp1,0,1
7996,grp1,0,1
6567,grp1,0,1
8369,grp1,0,1
7879,grp1,2,1
1466,ctrl,0,0
13844,grp2,0,2
14418,grp2,0,2
8940,grp1,5,1
5673,grp1,0,1
6375,grp1,4,1
13118,grp2,0,2
233,ctrl,2,0
6724,grp1,0,1
14587,grp2,0,2
13030,grp2,0,2
9979,grp1,0,1
14683,grp2,0,2
14678,grp2,0,2
2660,ctrl,0,0
4350,ctrl,0,0
14369,grp2,12,2
11400,grp2,0,2
1227,ctrl,0,0
11615,grp2,0,2
8777,grp1,0,1
8718,grp1,0,1
4467,ctrl,0,0
3126,ctrl,0,0
6940,grp1,0,1
2853,ctrl,0,0
12065,grp2,0,2
6245,grp1,0,1
7630,grp1,0,1
14151,grp2,0,2
1833,ctrl,0,0
566,ctrl,0,0
190,ctrl,1,0
4006,ctrl,0,0
1344,ctrl,0,0
550,ctrl,0,0
13458,grp2,0,2
14022,grp2,0,2
4219,ctrl,0,0
10516,grp2,0,2
2850,ctrl,0,0
1544,ctrl,0,0
6742,grp1,0,1
5054,grp1,0,1
10066,grp2,0,2
8156,grp1,0,1
8524,grp1,0,1
2779,ctrl,0,0
6239,grp1,0,1
1377,ctrl,0,0
2969,ctrl,5,0
3639,ctrl,0,0
1011,ctrl,0,0
148,ctrl,0,0
9918,grp1,0,1
12976,grp2,0,2
10965,grp2,0,2
7848,grp1,0,1
4031,ctrl,0,0
9592,grp1,0,1
7192,grp1,0,1
14033,grp2,0,2
5349,grp1,0,1
2755,ctrl,0,0
13455,grp2,0,2
14066,grp2,0,2
6863,grp1,0,1
8976,grp1,0,1
11384,grp2,0,2
808,ctrl,0,0
14638,grp2,0,2
4045,ctrl,0,0
2268,ctrl,0,0
11062,grp2,0,2
6992,grp1,0,1
13434,grp2,0,2
12486,grp2,5,2
10717,grp2,0,2
1229,ctrl,0,0
10594,grp2,0,2
13211,grp2,0,2
3147,ctrl,0,0
6623,grp1,0,1
3553,ctrl,0,0
2112,ctrl,0,0
1794,ctrl,0,0
13886,grp2,0,2
11251,grp2,0,2
9936,grp1,0,1
11386,grp2,0,2
3973,ctrl,0,0
3884,ctrl,0,0
6360,grp1,0,1
7824,grp1,0,1
9642,grp1,0,1
11099,grp2,0,2
14870,grp2,0,2
13827,grp2,0,2
8182,grp1,7,1
10447,grp2,0,2
8782,grp1,0,1
843,ctrl,0,0
8170,grp1,0,1
3155,ctrl,0,0
13436,grp2,0,2
1980,ctrl,0,0
11721,grp2,0,2
1503,ctrl,0,0
13561,grp2,0,2
1652,ctrl,0,0
13389,grp2,0,2
4909,ctrl,0,0
1546,ctrl,2,0
3081,ctrl,0,0
13293,grp2,0,2
820,ctrl,1,0
8198,grp1,0,1
8433,grp1,0,1
11989,grp2,10,2
4239,ctrl,0,0
4221,ctrl,0,0
9269,grp1,0,1
10733,grp2,0,2
11017,grp2,0,2
13509,grp2,0,2
6191,grp1,0,1
7889,grp1,0,1
5938,grp1,0,1
1203,ctrl,0,0
8399,grp1,0,1
1537,ctrl,0,0
1809,ctrl,0,0
10022,grp2,0,2
1877,ctrl,1,0
13014,grp2,0,2
5266,grp1,0,1
6376,grp1,0,1
5005,grp1,0,1
4003,ctrl,0,0
4303,ctrl,0,0
11865,grp2,0,2
7533,grp1,0,1
1636,ctrl,0,0
12570,grp2,0,2
7536,grp1,0,1
3669,ctrl,5,0
9442,grp1,0,1
12187,grp2,0,2
5928,grp1,0,1
13570,grp2,5,2
7256,grp1,2,1
11613,grp2,0,2
1260,ctrl,0,0
7904,grp1,0,1
5433,grp1,1,1
11352,grp2,0,2
9905,grp1,0,1
14102,grp2,0,2
4704,ctrl,0,0
14725,grp2,0,2
7953,grp1,0,1
9141,grp1,0,1
165,ctrl,0,0
2375,ctrl,0,0
14737,grp2,0,2
3735,ctrl,0,0
8923,grp1,0,1
11331,grp2,0,2
12189,grp2,0,2
6279,grp1,0,1
2280,ctrl,0,0
13548,grp2,0,2
5801,grp1,0,1
8351,grp1,0,1
7874,grp1,0,1
11382,grp2,0,2
5948,grp1,0,1
7230,grp1,0,1
3953,ctrl,0,0
7323,grp1,0,1
1462,ctrl,0,0
1458,ctrl,0,0
4205,ctrl,0,0
12100,grp2,0,2
8728,grp1,0,1
5941,grp1,0,1
3650,ctrl,0,0
4806,ctrl,5,0
558,ctrl,0,0
4237,ctrl,0,0
14010,grp2,0,2
7977,grp1,0,1
12553,grp2,0,2
2703,ctrl,0,0
5503,grp1,0,1
7400,grp1,0,1
12254,grp2,0,2
3861,ctrl,5,0
7481,grp1,0,1
2721,ctrl,0,0
5333,grp1,0,1
7581,grp1,0,1
13337,grp2,0,2
10479,grp2,0,2
9652,grp1,0,1
8359,grp1,0,1
1932,ctrl,0,0
7972,grp1,0,1
8549,grp1,0,1
11774,grp2,0,2
13315,grp2,0,2
9400,grp1,0,1
2874,ctrl,0,0
14642,grp2,0,2
6305,grp1,1,1
12711,grp2,0,2
44,ctrl,1,0
2638,ctrl,0,0
2688,ctrl,0,0
741,ctrl,0,0
445,ctrl,0,0
4566,ctrl,0,0
12457,grp2,0,2
7912,grp1,0,1
11043,grp2,0,2
4151,ctrl,0,0
28,ctrl,0,0
13363,grp2,0,2
9321,grp1,8,1
2676,ctrl,0,0
883,ctrl,0,0
12880,grp2,0,2
14135,grp2,0,2
13710,grp2,0,2
3699,ctrl,0,0
5866,grp1,0,1
8016,grp1,0,1
10017,grp2,0,2
6301,grp1,0,1
13994,grp2,0,2
9951,grp1,0,1
2355,ctrl,0,0
14091,grp2,0,2
2042,ctrl,0,0
7971,grp1,0,1
11241,grp2,0,2
9151,grp1,0,1
6920,grp1,0,1
2198,ctrl,0,0
10944,grp2,0,2
9535,grp1,0,1
2851,ctrl,0,0
10182,grp2,0,2
7955,grp1,0,1
12635,grp2,0,2
6540,grp1,0,1
14353,grp2,0,2
13535,grp2,0,2
2257,ctrl,0,0
2615,ctrl,0,0
11343,grp2,0,2
958,ctrl,0,0
920,ctrl,0,0
156,ctrl,0,0
3227,ctrl,0,0
14400,grp2,0,2
5361,grp1,0,1
11981,grp2,0,2
1775,ctrl,0,0
2601,ctrl,0,0
9481,grp1,0,1
5045,grp1,0,1
7784,grp1,0,1
5467,grp1,6,1
4694,ctrl,0,0
14073,grp2,0,2
12545,grp2,0,2
4551,ctrl,0,0
7758,grp1,0,1
10334,grp2,0,2
9626,grp1,2,1
12116,grp2,0,2
13849,grp2,0,2
6769,grp1,0,1
11351,grp2,0,2
5814,grp1,0,1
10916,grp2,0,2
369,ctrl,0,0
10458,grp2,0,2
178,ctrl,0,0
12392,grp2,0,2
4723,ctrl,0,0
10775,grp2,0,2
9014,grp1,0,1
5838,grp1,0,1
3808,ctrl,0,0
10166,grp2,0,2
14396,grp2,0,2
2464,ctrl,0,0
14820,grp2,0,2
6281,grp1,0,1
11766,grp2,0,2
12815,grp2,0,2
3588,ctrl,0,0
14158,grp2,0,2
6885,grp1,0,1
3793,ctrl,0,0
12870,grp2,0,2
6089,grp1,0,1
210,ctrl,0,0
6054,grp1,0,1
13824,grp2,0,2
4555,ctrl,0,0
413,ctrl,0,0
5711,grp1,0,1
3398,ctrl,1,0
6987,grp1,0,1
6258,grp1,0,1
1174,ctrl,0,0
10121,grp2,0,2
9983,grp1,0,1
5390,grp1,0,1
13322,grp2,0,2
10735,grp2,0,2
8196,grp1,0,1
225,ctrl,0,0
3606,ctrl,0,0
812,ctrl,3,0
10267,grp2,0,2
9366,grp1,0,1
7628,grp1,0,1
5623,grp1,0,1
898,ctrl,0,0
13855,grp2,0,2
4341,ctrl,0,0
8703,grp1,0,1
5906,grp1,0,1
14023,grp2,0,2
6800,grp1,0,1
9236,grp1,0,1
756,ctrl,0,0
14282,grp2,0,2
13666,grp2,0,2
8500,grp1,0,1
10287,grp2,0,2
6950,grp1,0,1
12071,grp2,0,2
10723,grp2,0,2
4106,ctrl,0,0
10837,grp2,1,2
2401,ctrl,2,0
5491,grp1,0,1
5018,grp1,0,1
5296,grp1,0,1
5811,grp1,8,1
14759,grp2,0,2
572,ctrl,0,0
9043,grp1,0,1
1748,ctrl,0,0
5434,grp1,0,1
13516,grp2,0,2
8761,grp1,0,1
11366,grp2,0,2
11649,grp2,0,2
8416,grp1,0,1
3345,ctrl,0,0
2013,ctrl,0,0
5878,grp1,0,1
967,ctrl,0,0
1828,ctrl,0,0
5004,grp1,0,1
6314,grp1,0,1
12644,grp2,0,2
521,ctrl,0,0
10718,grp2,0,2
10299,grp2,0,2
6280,grp1,0,1
11528,grp2,0,2
11211,grp2,2,2
2891,ctrl,0,0
3777,ctrl,3,0
7905,grp1,0,1
7126,grp1,0,1
2802,ctrl,0,0
11018,grp2,0,2
2806,ctrl,0,0
2350,ctrl,0,0
11777,grp2,0,2
9173,grp1,0,1
542,ctrl,0,0
2930,ctrl,0,0
12721,grp2,0,2
2968,ctrl,0,0
12795,grp2,0,2
4771,ctrl,0,0
12317,grp2,0,2
5431,grp1,0,1
7535,grp1,3,1
8862,grp1,9,1
925,ctrl,0,0
594,ctrl,0,0
1211,ctrl,0,0
11723,grp2,0,2
4611,ctrl,0,0
4715,ctrl,1,0
8306,grp1,0,1
5730,grp1,0,1
5976,grp1,0,1
10396,grp2,0,2
14654,grp2,0,2
2510,ctrl,3,0
8899,grp1,0,1
1060,ctrl,0,0
4689,ctrl,0,0
9068,grp1,0,1
10834,grp2,0,2
12455,grp2,0,2
384,ctrl,0,0
11121,grp2,0,2
1917,ctrl,0,0
2316,ctrl,0,0
6819,grp1,0,1
5883,grp1,0,1
7627,grp1,0,1
5991,grp1,0,1
9792,grp1,0,1
2602,ctrl,0,0
2007,ctrl,0,0
6008,grp1,0,1
14605,grp2,0,2
10796,grp2,0,2
6941,grp1,1,1
3523,ctrl,0,0
2242,ctrl,5,0
5681,grp1,0,1
8556,grp1,0,1
484,ctrl,0,0
9890,grp1,0,1
1894,ctrl,0,0
9301,grp1,0,1
14198,grp2,0,2
4575,ctrl,0,0
12416,grp2,0,2
12404,grp2,0,2
1338,ctrl,0,0
4505,ctrl,0,0
11814,grp2,0,2
3344,ctrl,0,0
10905,grp2,0,2
13541,grp2,0,2
4397,ctrl,0,0
2542,ctrl,0,0
3408,ctrl,0,0
9673,grp1,0,1
8412,grp1,0,1
4038,ctrl,0,0
7354,grp1,4,1
1488,ctrl,0,0
5402,grp1,0,1
14058,grp2,0,2
2998,ctrl,0,0
13271,grp2,0,2
5867,grp1,0,1
7863,grp1,0,1
9361,grp1,0,1
7410,grp1,0,1
10319,grp2,0,2
1381,ctrl,2,0
6214,grp1,0,1
2487,ctrl,0,0
6692,grp1,0,1
5028,grp1,0,1
903,ctrl,0,0
4204,ctrl,2,0
10963,grp2,0,2
10403,grp2,0,2
1323,ctrl,4,0
2581,ctrl,0,0
13661,grp2,0,2
1303,ctrl,0,0
549,ctrl,0,0
11537,grp2,0,2
11403,grp2,0,2
1642,ctrl,0,0
1314,ctrl,0,0
3811,ctrl,0,0
5560,grp1,0,1
12567,grp2,0,2
4541,ctrl,0,0
13108,grp2,0,2
11807,grp2,0,2
8155,grp1,0,1
1843,ctrl,3,0
14432,grp2,0,2
12471,grp2,0,2
14591,grp2,0,2
9080,grp1,0,1
14338,grp2,0,2
11605,grp2,0,2
213,ctrl,0,0
2125,ctrl,0,0
13979,grp2,0,2
10560,grp2,0,2
13287,grp2,0,2
10995,grp2,0,2
977,ctrl,0,0
2831,ctrl,0,0
3906,ctrl,0,0
10019,grp2,0,2
14735,grp2,0,2
11115,grp2,0,2
6295,grp1,0,1
5820,grp1,0,1
7340,grp1,0,1
12803,grp2,0,2
13611,grp2,3,2
13964,grp2,0,2
2683,ctrl,0,0
5794,grp1,0,1
14327,grp2,0,2
3516,ctrl,0,0
8910,grp1,0,1
3566,ctrl,2,0
271,ctrl,0,0
7084,grp1,0,1
4935,ctrl,0,0
5389,grp1,0,1
7012,grp1,0,1
12379,grp2,2,2
11718,grp2,0,2
12331,grp2,0,2
11346,grp2,0,2
8738,grp1,0,1
5851,grp1,0,1
405,ctrl,0,0
9379,grp1,0,1
5149,grp1,0,1
9552,grp1,0,1
12093,grp2,0,2
4530,ctrl,0,0
6620,grp1,0,1
14194,grp2,0,2
2544,ctrl,0,0
11158,grp2,0,2
11828,grp2,0,2
1283,ctrl,0,0
8236,grp1,0,1
4649,ctrl,0,0
4952,ctrl,0,0
8207,grp1,0,1
8995,grp1,0,1
337,ctrl,0,0
11516,grp2,0,2
12788,grp2,0,2
3758,ctrl,0,0
12723,grp2,0,2
6892,grp1,0,1
10691,grp2,0,2
10156,grp2,0,2
9155,grp1,0,1
110,ctrl,0,0
14627,grp2,0,2
10014,grp2,0,2
12193,grp2,0,2
658,ctrl,0,0
9259,grp1,0,1
9219,grp1,0,1
1246,ctrl,0,0
2131,ctrl,8,0
9948,grp1,0,1
12205,grp2,0,2
5275,grp1,0,1
1586,ctrl,0,0
9747,grp1,0,1
168,ctrl,0,0
13901,grp2,0,2
8655,grp1,0,1
1697,ctrl,0,0
9928,grp1,0,1
6543,grp1,0,1
9393,grp1,0,1
14031,grp2,0,2
525,ctrl,3,0
14985,grp2,0,2
11745,grp2,0,2
9554,grp1,0,1
4548,ctrl,0,0
11362,grp2,0,2
4585,ctrl,0,0
12411,grp2,0,2
13130,grp2,0,2
6228,grp1,0,1
8927,grp1,0,1
294,ctrl,0,0
7309,grp1,8,1
8413,grp1,0,1
14718,grp2,0,2
12808,grp2,0,2
4099,ctrl,0,0
12634,grp2,0,2
9078,grp1,0,1
9247,grp1,0,1
2798,ctrl,0,0
14556,grp2,0,2
5645,grp1,5,1
11915,grp2,0,2
14731,grp2,0,2
4693,ctrl,0,0
2906,ctrl,0,0
5593,grp1,0,1
8078,grp1,0,1
12037,grp2,0,2
12640,grp2,0,2
5744,grp1,0,1
1783,ctrl,0,0
13479,grp2,0,2
12196,grp2,0,2
10806,grp2,0,2
5522,grp1,0,1
12119,grp2,0,2
1006,ctrl,0,0
1255,ctrl,3,0
9435,grp1,3,1
5539,grp1,0,1
14516,grp2,11,2
8320,grp1,0,1
134,ctrl,2,0
10484,grp2,0,2
13815,grp2,0,2
4934,ctrl,0,0
13880,grp2,0,2
5581,grp1,0,1
6458,grp1,0,1
13843,grp2,0,2
8176,grp1,0,1
11072,grp2,0,2
14204,grp2,0,2
897,ctrl,0,0
5145,grp1,0,1
11694,grp2,0,2
8276,grp1,0,1
3198,ctrl,0,0
8270,grp1,0,1
10744,grp2,0,2
6460,grp1,0,1
14377,grp2,0,2
12598,grp2,0,2
9682,grp1,0,1
7804,grp1,0,1
994,ctrl,0,0
13867,grp2,0,2
8853,grp1,0,1
1168,ctrl,0,0
1710,ctrl,0,0
11824,grp2,0,2
7644,grp1,0,1
2243,ctrl,0,0
7602,grp1,0,1
3591,ctrl,0,0
14890,grp2,0,2
12010,grp2,0,2
5156,grp1,0,1
4144,ctrl,0,0
4740,ctrl,0,0
12671,grp2,0,2
4842,ctrl,0,0
12537,grp2,0,2
11339,grp2,0,2
517,ctrl,0,0
11317,grp2,0,2
7356,grp1,0,1
10939,grp2,0,2
2967,ctrl,0,0
6334,grp1,0,1
9932,grp1,0,1
7911,grp1,0,1
12051,grp2,0,2
14285,grp2,0,2
295,ctrl,0,0
9843,grp1,0,1
8333,grp1,0,1
2417,ctrl,0,0
7966,grp1,0,1
13079,grp2,0,2
13759,grp2,0,2
13016,grp2,0,2
12157,grp2,0,2
3983,ctrl,0,0
3019,ctrl,4,0
1252,ctrl,0,0
8047,grp1,5,1
12212,grp2,0,2
8041,grp1,0,1
2681,ctrl,0,0
1677,ctrl,0,0
483,ctrl,0,0
8770,grp1,0,1
12543,grp2,0,2
2911,ctrl,0,0
4856,ctrl,0,0
6169,grp1,0,1
13745,grp2,0,2
13167,grp2,0,2
6389,grp1,0,1
5764,grp1,0,1
7720,grp1,0,1
10929,grp2,0,2
9653,grp1,0,1
485,ctrl,0,0
1743,ctrl,2,0
692,ctrl,0,0
13008,grp2,0,2
2898,ctrl,0,0
8509,grp1,0,1
5993,grp1,1,1
9787,grp1,2,1
11780,grp2,0,2
8983,grp1,0,1
8603,grp1,0,1
10569,grp2,0,2
3091,ctrl,2,0
9193,grp1,0,1
10033,grp2,0,2
1903,ctrl,0,0
11013,grp2,0,2
10909,grp2,0,2
3874,ctrl,0,0
449,ctrl,0,0
5978,grp1,0,1
5988,grp1,0,1
2354,ctrl,0,0
10360,grp2,0,2
2776,ctrl,0,0
7823,grp1,0,1
3482,ctrl,0,0
1007,ctrl,0,0
11391,grp2,0,2
9327,grp1,0,1
8750,grp1,0,1
9477,grp1,0,1
315,ctrl,0,0
5854,grp1,0,1
11450,grp2,0,2
4346,ctrl,0,0
3497,ctrl,0,0
9495,grp1,0,1
9337,grp1,0,1
9829,grp1,0,1
3334,ctrl,0,0
8046,grp1,0,1
1541,ctrl,2,0
8748,grp1,0,1
1127,ctrl,0,0
1173,ctrl,0,0
2946,ctrl,0,0
7509,grp1,0,1
10211,grp2,0,2
306,ctrl,2,0
2086,ctrl,0,0
2312,ctrl,0,0
10431,grp2,0,2
8348,grp1,0,1
5372,grp1,0,1
8085,grp1,0,1
8218,grp1,0,1
796,ctrl,0,0
1540,ctrl,0,0
5844,grp1,0,1
10331,grp2,0,2
11559,grp2,0,2
14624,grp2,0,2
685,ctrl,0,0
14159,grp2,0,2
3679,ctrl,0,0
3041,ctrl,0,0
4096,ctrl,0,0
11040,grp2,0,2
4214,ctrl,0,0
12150,grp2,0,2
13662,grp2,0,2
477,ctrl,0,0
1726,ctrl,1,0
14751,grp2,0,2
11180,grp2,0,2
8087,grp1,0,1
1808,ctrl,0,0
3231,ctrl,1,0
3203,ctrl,0,0
5408,grp1,0,1
10262,grp2,0,2
13900,grp2,0,2
6409,grp1,1,1
10554,grp2,0,2
6136,grp1,0,1
14954,grp2,0,2
11170,grp2,0,2
12555,grp2,0,2
5066,grp1,0,1
2836,ctrl,0,0
1018,ctrl,0,0
9762,grp1,0,1
11883,grp2,0,2
3510,ctrl,0,0
8004,grp1,0,1
11348,grp2,0,2
14446,grp2,0,2
2690,ctrl,0,0
972,ctrl,0,0
8070,grp1,0,1
13387,grp2,0,2
5665,grp1,0,1
3518,ctrl,0,0
7129,grp1,0,1
3141,ctrl,0,0
3158,ctrl,0,0
3854,ctrl,0,0
7608,grp1,0,1
3733,ctrl,6,0
133,ctrl,0,0
13852,grp2,0,2
7364,grp1,0,1
613,ctrl,0,0
8135,grp1,0,1
1582,ctrl,0,0
5386,grp1,0,1
1512,ctrl,0,0
6988,grp1,0,1
2038,ctrl,4,0
1490,ctrl,0,0
7223,grp1,0,1
8126,grp1,0,1
104,ctrl,0,0
7715,grp1,4,1
13184,grp2,0,2
13478,grp2,0,2
1275,ctrl,0,0
6120,grp1,0,1
12797,grp2,0,2
1029,ctrl,0,0
1860,ctrl,0,0
442,ctrl,4,0
14945,grp2,0,2
12426,grp2,0,2
3663,ctrl,0,0
8089,grp1,0,1
7089,grp1,4,1
13066,grp2,0,2
5379,grp1,0,1
9752,grp1,0,1
1579,ctrl,0,0
14765,grp2,0,2
10603,grp2,0,2
11726,grp2,0,2
4074,ctrl,0,0
14994,grp2,0,2
548,ctrl,0,0
3107,ctrl,0,0
1397,ctrl,0,0
9062,grp1,1,1
1036,ctrl,0,0
9469,grp1,0,1
10147,grp2,0,2
7362,grp1,0,1
1384,ctrl,0,0
3034,ctrl,0,0
3177,ctrl,0,0
2473,ctrl,0,0
2282,ctrl,0,0
12954,grp2,0,2
7963,grp1,0,1
10797,grp2,0,2
3095,ctrl,3,0
3570,ctrl,0,0
10316,grp2,0,2
4469,ctrl,0,0
14065,grp2,0,2
5535,grp1,0,1
5677,grp1,0,1
10630,grp2,0,2
12718,grp2,0,2
14900,grp2,0,2
10229,grp2,0,2
6167,grp1,0,1
2012,ctrl,0,0
14108,grp2,0,2
6219,grp1,0,1
366,ctrl,0,0
4504,ctrl,0,0
3468,ctrl,0,0
3312,ctrl,0,0
3673,ctrl,0,0
12155,grp2,0,2
13153,grp2,0,2
5153,grp1,0,1
783,ctrl,1,0
2607,ctrl,0,0
2384,ctrl,0,0
2373,ctrl,0,0
9955,grp1,0,1
6345,grp1,0,1
923,ctrl,0,0
10290,grp2,0,2
7932,grp1,0,1
14294,grp2,0,2
7668,grp1,0,1
13310,grp2,0,2
11038,grp2,0,2
14337,grp2,0,2
8591,grp1,0,1
9621,grp1,0,1
3364,ctrl,0,0
1356,ctrl,0,0
10572,grp2,0,2
4989,ctrl,0,0
7557,grp1,0,1
5835,grp1,0,1
5391,grp1,0,1
7929,grp1,0,1
1855,ctrl,0,0
13882,grp2,0,2
12835,grp2,26,2
10689,grp2,0,2
2797,ctrl,0,0
8595,grp1,4,1
8632,grp1,0,1
1368,ctrl,0,0
721,ctrl,0,0
2889,ctrl,0,0
10001,grp2,0,2
1745,ctrl,9,0
8743,grp1,0,1
9674,grp1,1,1
3627,ctrl,0,0
13973,grp2,0,2
10696,grp2,0,2
12561,grp2,0,2
2448,ctrl,0,0
14936,grp2,0,2
9758,grp1,0,1
11373,grp2,0,2
3954,ctrl,0,0
7081,grp1,0,1
