,age,sex,wtyrago,finalwt,wtkg2,htm3
0,82.0,2,76.36363636363636,185.870345,70.91,157.0
1,65.0,2,72.72727272727272,126.603027,72.73,163.0
2,48.0,2,,181.06321,,165.0
3,61.0,1,73.63636363636363,517.926275,73.64,170.0
4,26.0,1,88.63636363636363,1252.62463,88.64,185.0
5,42.0,1,118.18181818181817,415.161314,109.09,183.0
6,40.0,2,49.99999999999999,422.810541,50.0,157.0
7,24.0,2,131.8181818181818,1280.58598,122.73,178.0
8,37.0,1,87.72727272727272,1245.06044,90.0,178.0
9,65.0,1,77.27272727272727,382.738158,77.27,173.0
10,28.0,1,52.272727272727266,3131.56157,63.64,170.0
11,68.0,2,86.36363636363636,506.412109,78.18,168.0
12,40.0,2,62.72727272727272,422.810541,62.73,175.0
13,49.0,1,127.27272727272727,274.170333,127.27,183.0
14,24.0,2,95.45454545454545,2561.17196,95.45,175.0
15,49.0,2,88.63636363636363,181.06321,88.64,157.0
16,36.0,2,113.63636363636363,211.405271,90.91,168.0
17,48.0,2,,181.06321,50.0,155.0
18,65.0,2,99.99999999999999,253.206055,100.0,160.0
19,75.0,2,72.72727272727272,185.870345,72.73,165.0
20,67.0,1,76.36363636363636,382.738158,76.36,157.0
21,27.0,2,63.63636363636363,330.717253,63.64,155.0
22,55.0,2,54.54545454545454,153.403814,55.45,165.0
23,78.0,1,79.54545454545453,438.143347,78.18,183.0
24,30.0,2,,661.434505,90.91,160.0
25,48.0,2,61.81818181818181,271.502466,71.82,157.0
26,65.0,1,77.27272727272727,382.738158,77.27,173.0
27,42.0,2,52.272727272727266,422.810541,62.73,157.0
28,70.0,2,59.090909090909086,126.603027,59.09,157.0
29,80.0,2,65.9090909090909,185.870345,65.91,165.0
30,67.0,2,72.72727272727272,126.603027,72.73,165.0
31,51.0,2,51.36363636363636,181.06321,51.36,157.0
32,75.0,2,68.18181818181817,185.870345,68.18,173.0
33,43.0,2,,211.405271,,163.0
34,48.0,2,109.09090909090908,271.502466,85.45,175.0
35,42.0,1,81.81818181818181,830.322628,81.82,175.0
36,51.0,2,73.18181818181817,826.562367,68.64,157.0
37,87.0,2,93.18181818181817,272.770604,93.18,152.0
38,26.0,2,81.81818181818181,661.434505,90.91,155.0
39,34.0,1,84.09090909090908,1252.62463,90.0,178.0
40,62.0,2,79.09090909090908,306.807628,87.27,168.0
41,72.0,2,63.63636363636363,126.603027,61.36,170.0
42,,1,90.9090909090909,690.364003,90.91,183.0
43,75.0,2,72.72727272727272,185.870345,81.82,170.0
44,67.0,2,81.81818181818181,63.3015137,81.82,165.0
45,63.0,1,95.45454545454545,460.399217,93.18,185.0
46,85.0,2,84.09090909090908,185.870345,84.09,170.0
47,63.0,2,65.9090909090909,306.807628,68.18,168.0
48,29.0,2,77.27272727272727,991.814399,77.27,170.0
49,61.0,2,72.72727272727272,306.807628,72.73,160.0
50,52.0,1,90.45454545454545,1203.42374,81.82,178.0
51,83.0,2,59.99999999999999,185.870345,60.0,168.0
52,77.0,1,68.18181818181817,219.071673,68.18,178.0
53,77.0,2,70.45454545454545,185.870345,70.45,160.0
54,51.0,2,70.45454545454545,362.126421,70.45,168.0
55,77.0,2,66.81818181818181,185.870345,66.82,160.0
56,49.0,1,77.27272727272727,802.282492,77.27,180.0
57,66.0,2,77.27272727272727,126.603027,77.27,170.0
58,60.0,2,63.63636363636363,230.027478,62.73,173.0
59,80.0,1,72.72727272727272,219.071673,77.27,173.0
60,80.0,2,72.72727272727272,278.710716,72.73,168.0
61,54.0,1,88.63636363636363,274.170333,88.64,157.0
62,68.0,2,60.90909090909091,253.206055,60.91,157.0
63,70.0,1,75.9090909090909,382.738158,73.64,183.0
64,64.0,2,85.9090909090909,153.403814,96.36,157.0
65,85.0,2,68.18181818181817,185.870345,66.82,175.0
66,28.0,2,61.81818181818181,661.434505,61.82,160.0
67,48.0,2,117.27272727272727,543.004931,92.73,168.0
68,41.0,2,102.27272727272727,211.405271,102.27,165.0
69,56.0,1,,258.963137,,168.0
70,42.0,2,59.090909090909086,211.405271,59.09,157.0
71,73.0,1,115.9090909090909,191.369079,115.91,178.0
72,60.0,2,,135.30653,84.09,170.0
73,77.0,2,70.45454545454545,185.870345,70.45,168.0
74,60.0,2,75.0,153.403814,79.55,173.0
75,74.0,2,68.18181818181817,126.603027,60.0,165.0
76,74.0,1,90.9090909090909,382.738158,90.91,183.0
77,57.0,2,72.72727272727272,306.807628,72.73,170.0
78,54.0,1,106.36363636363636,822.511,106.36,175.0
79,59.0,2,59.090909090909086,76.6758261,57.73,163.0
80,89.0,1,70.45454545454545,438.143347,70.45,178.0
81,50.0,2,77.27272727272727,362.126421,77.27,168.0
82,83.0,2,48.18181818181818,185.870345,48.18,163.0
83,51.0,2,136.36363636363635,181.06321,133.18,157.0
84,64.0,2,86.36363636363636,306.807628,86.36,163.0
85,57.0,2,136.36363636363635,306.807628,136.36,168.0
86,80.0,2,52.72727272727272,185.870345,50.91,160.0
87,67.0,1,115.9090909090909,382.738158,115.91,175.0
88,58.0,2,81.81818181818181,153.403814,100.0,175.0
89,63.0,2,140.9090909090909,230.027478,140.91,175.0
90,79.0,2,65.9090909090909,557.421432,63.64,170.0
91,70.0,2,66.36363636363636,126.603027,66.36,155.0
92,80.0,2,72.27272727272727,371.74069,73.64,170.0
93,75.0,1,102.72727272727272,438.143347,102.73,180.0
94,58.0,2,77.27272727272727,153.403814,77.27,160.0
95,22.0,1,93.18181818181817,2732.88602,95.45,178.0
96,40.0,2,113.63636363636363,422.810541,118.18,160.0
97,33.0,2,58.63636363636363,661.434505,58.64,160.0
98,59.0,2,61.36363636363636,460.211441,61.36,152.0
99,43.0,1,84.09090909090908,683.642804,84.09,188.0
100,46.0,1,55.90909090909091,401.141246,55.91,170.0
101,53.0,2,102.27272727272727,181.06321,102.27,160.0
102,81.0,2,45.45454545454545,2454.93543,32.27,132.0
103,65.0,2,58.18181818181818,281.97059,58.18,157.0
104,51.0,2,,271.502466,,163.0
105,64.0,1,106.81818181818181,460.399217,106.82,191.0
106,45.0,2,,362.126421,,165.0
107,23.0,1,77.27272727272727,1366.44301,77.27,188.0
108,40.0,2,,211.405271,100.0,163.0
109,43.0,2,81.81818181818181,422.810541,81.82,170.0
110,71.0,1,95.45454545454545,191.369079,95.45,185.0
111,44.0,2,54.54545454545454,211.405271,54.55,175.0
112,49.0,2,,724.252841,100.91,165.0
113,41.0,2,160.45454545454544,560.813529,137.27,173.0
114,55.0,1,95.45454545454545,460.399217,104.55,185.0
115,44.0,1,81.81818181818181,415.161314,86.36,185.0
116,60.0,1,77.27272727272727,460.399217,77.27,180.0
117,60.0,2,63.18181818181818,153.403814,63.18,163.0
118,42.0,2,,422.810541,68.18,163.0
119,72.0,2,54.54545454545454,126.603027,54.55,155.0
120,34.0,1,86.36363636363636,1252.62463,89.55,183.0
121,66.0,2,118.18181818181817,253.206055,118.18,168.0
122,63.0,2,72.27272727272727,306.807628,72.27,165.0
123,66.0,2,46.36363636363636,189.839968,46.36,160.0
124,65.0,2,92.72727272727272,126.603027,90.91,160.0
125,58.0,2,81.81818181818181,153.403814,81.82,157.0
126,38.0,2,52.272727272727266,422.810541,54.55,160.0
127,49.0,2,84.09090909090908,271.502466,97.27,178.0
128,45.0,1,88.18181818181817,274.170333,88.18,183.0
129,21.0,1,75.0,2732.88602,84.09,183.0
130,56.0,2,68.18181818181817,460.054957,68.18,173.0
131,70.0,2,61.36363636363636,189.839968,61.36,160.0
132,71.0,2,66.81818181818181,254.724881,66.82,160.0
133,71.0,1,122.72727272727272,770.067932,122.73,180.0
134,70.0,2,72.72727272727272,509.449761,63.64,157.0
135,,2,61.36363636363636,308.647976,61.36,150.0
136,71.0,2,104.54545454545453,254.724881,90.91,170.0
137,59.0,1,96.36363636363636,1042.06599,96.36,183.0
138,32.0,2,89.09090909090908,1330.80408,89.09,170.0
139,54.0,1,72.72727272727272,1103.25964,72.73,178.0
140,34.0,2,70.45454545454545,1330.80408,97.73,160.0
141,59.0,2,90.9090909090909,617.295952,90.91,175.0
142,50.0,1,,1103.25964,,173.0
143,57.0,2,49.99999999999999,927.440408,39.09,157.0
144,78.0,2,53.63636363636363,373.970532,53.64,157.0
145,39.0,2,70.9090909090909,1278.10245,70.91,160.0
146,58.0,2,57.72727272727272,308.647976,55.91,165.0
147,39.0,1,102.27272727272727,2756.35748,106.82,183.0
148,56.0,2,70.45454545454545,308.647976,70.45,157.0
149,52.0,1,90.9090909090909,551.629822,90.91,178.0
150,68.0,1,111.36363636363636,770.067932,110.0,173.0
151,72.0,1,80.0,385.033966,80.0,180.0
152,74.0,2,54.54545454545454,509.449761,54.55,165.0
153,66.0,2,61.36363636363636,509.449761,61.36,165.0
154,68.0,1,85.0,770.067932,87.73,170.0
155,60.0,2,64.54545454545455,617.295952,64.55,163.0
156,34.0,1,106.81818181818181,1260.13834,109.09,193.0
157,36.0,1,95.45454545454545,835.303218,95.45,180.0
158,81.0,2,56.81818181818181,373.970532,59.09,152.0
159,41.0,2,164.54545454545453,425.346719,99.09,178.0
160,49.0,1,79.54545454545453,1654.88946,81.82,175.0
161,63.0,1,90.9090909090909,2783.45647,68.18,178.0
162,34.0,2,,1330.80408,,183.0
163,51.0,1,82.72727272727272,1103.25964,82.73,180.0
164,44.0,1,,1670.60644,,163.0
165,40.0,2,46.36363636363636,850.693438,46.36,163.0
166,55.0,2,68.18181818181817,816.708896,99.09,155.0
167,70.0,2,72.72727272727272,254.724881,72.73,165.0
168,56.0,1,56.36363636363636,926.321733,58.18,175.0
169,25.0,2,136.8181818181818,1894.213,127.27,168.0
170,67.0,2,68.18181818181817,254.724881,68.18,168.0
171,82.0,2,67.27272727272727,373.970532,67.27,168.0
172,71.0,1,78.18181818181817,1269.81816,78.18,173.0
173,60.0,1,90.9090909090909,926.321733,90.91,175.0
174,54.0,2,86.36363636363636,728.597184,90.91,163.0
175,65.0,2,68.18181818181817,509.449761,63.64,165.0
176,53.0,2,79.54545454545453,364.298592,86.36,157.0
177,45.0,2,88.63636363636363,1092.89578,88.64,163.0
178,22.0,2,63.63636363636363,2576.53484,86.36,170.0
179,30.0,2,46.81818181818181,665.40204,56.82,157.0
180,66.0,2,95.45454545454545,382.704838,95.45,168.0
181,75.0,2,112.72727272727272,373.970532,112.73,168.0
182,41.0,1,90.9090909090909,1670.60644,92.27,183.0
183,53.0,1,85.9090909090909,1103.25964,86.36,175.0
184,66.0,2,72.72727272727272,509.449761,75.0,173.0
185,71.0,1,68.18181818181817,422.589746,67.27,173.0
186,81.0,1,93.18181818181817,881.542993,90.91,180.0
187,66.0,1,114.54545454545453,770.067932,95.45,180.0
188,77.0,1,68.18181818181817,1324.45157,68.18,183.0
189,58.0,2,90.9090909090909,925.943928,90.91,170.0
190,67.0,1,90.9090909090909,770.067932,90.91,183.0
191,65.0,1,65.9090909090909,770.067932,65.91,168.0
192,78.0,2,66.81818181818181,747.941063,66.82,168.0
193,66.0,2,68.18181818181817,254.724881,68.18,160.0
194,68.0,2,104.54545454545453,254.724881,109.09,163.0
195,70.0,1,90.9090909090909,385.033966,90.91,183.0
196,54.0,2,81.81818181818181,364.298592,90.91,173.0
197,40.0,2,86.36363636363636,850.693438,86.36,173.0
198,60.0,1,127.27272727272727,926.321733,127.27,178.0
199,49.0,2,63.63636363636363,364.298592,63.64,178.0
200,39.0,2,152.27272727272725,850.693438,136.36,185.0
201,88.0,2,63.63636363636363,373.970532,61.36,170.0
202,73.0,2,86.81818181818181,254.724881,86.82,160.0
203,,2,,925.943928,,160.0
204,47.0,1,97.72727272727272,1103.25964,93.18,180.0
205,75.0,2,65.0,747.941063,65.0,163.0
206,48.0,1,104.54545454545453,828.782021,104.55,188.0
207,75.0,2,81.81818181818181,373.970532,81.82,163.0
208,62.0,2,54.54545454545454,308.647976,62.27,152.0
209,60.0,2,78.18181818181817,617.295952,78.18,165.0
210,52.0,1,70.45454545454545,807.094887,68.18,175.0
211,40.0,1,93.18181818181817,835.303218,77.27,183.0
212,26.0,2,54.54545454545454,1330.80408,54.55,150.0
213,40.0,2,94.09090909090908,425.346719,89.09,157.0
214,40.0,2,154.54545454545453,850.693438,136.36,170.0
215,85.0,1,80.45454545454545,881.542993,80.45,178.0
216,47.0,2,58.18181818181818,1092.89578,58.18,165.0
217,49.0,2,88.18181818181817,728.597184,85.45,165.0
218,64.0,2,,272.236299,,168.0
219,68.0,1,99.99999999999999,770.067932,90.91,183.0
220,44.0,1,65.9090909090909,1670.60644,65.91,165.0
221,56.0,1,86.36363636363636,463.160866,86.36,178.0
222,82.0,2,104.54545454545453,373.970532,95.45,168.0
223,58.0,1,188.18181818181816,463.160866,188.18,201.0
224,59.0,2,79.54545454545453,617.295952,90.91,170.0
225,85.0,2,,373.970532,80.0,163.0
226,22.0,1,109.09090909090908,3625.73079,88.64,178.0
227,25.0,2,61.81818181818181,1330.80408,63.64,157.0
228,53.0,1,86.36363636363636,1103.25964,88.64,185.0
229,39.0,1,72.72727272727272,1670.60644,72.73,173.0
230,30.0,1,93.18181818181817,3780.41503,95.45,173.0
231,61.0,1,79.54545454545453,463.160866,79.55,183.0
232,56.0,1,84.09090909090908,1389.4826,88.64,170.0
233,30.0,2,70.45454545454545,665.40204,70.45,157.0
234,67.0,1,136.36363636363635,1156.96874,136.36,183.0
235,32.0,2,84.54545454545453,1330.80408,70.91,160.0
236,45.0,2,56.36363636363636,364.298592,65.91,163.0
237,34.0,2,59.090909090909086,1260.77105,59.09,163.0
238,67.0,2,69.09090909090908,254.724881,74.55,170.0
239,72.0,2,57.272727272727266,254.724881,59.09,157.0
240,26.0,2,68.18181818181817,1330.80408,62.27,157.0
241,61.0,2,77.27272727272727,463.720204,66.82,160.0
242,40.0,2,131.8181818181818,850.693438,131.82,170.0
243,50.0,2,64.09090909090908,728.597184,58.18,155.0
244,61.0,2,86.36363636363636,272.236299,90.91,170.0
245,83.0,1,99.54545454545453,732.793203,92.73,175.0
246,59.0,1,95.9090909090909,926.321733,90.0,178.0
247,30.0,2,52.272727272727266,630.385526,52.27,157.0
248,45.0,1,74.09090909090908,828.782021,68.18,191.0
249,73.0,2,73.63636363636363,283.661956,72.73,165.0
250,56.0,2,68.18181818181817,617.295952,72.73,173.0
251,65.0,1,78.18181818181817,385.033966,77.27,183.0
252,36.0,1,99.99999999999999,1254.97981,100.0,188.0
253,37.0,1,106.81818181818181,1670.60644,106.82,185.0
254,67.0,2,67.27272727272727,509.449761,68.18,157.0
255,41.0,1,90.9090909090909,835.303218,90.91,183.0
256,39.0,2,120.45454545454544,425.346719,113.64,168.0
257,48.0,2,72.72727272727272,364.298592,60.0,178.0
258,76.0,1,72.72727272727272,440.771497,77.27,175.0
259,46.0,2,65.9090909090909,555.431713,61.36,168.0
260,34.0,2,102.72727272727272,1330.80408,102.73,163.0
261,80.0,1,80.9090909090909,662.225785,80.91,180.0
262,48.0,2,53.18181818181818,364.298592,54.55,168.0
263,75.0,2,64.54545454545455,747.941063,59.09,157.0
264,65.0,2,65.9090909090909,1704.72241,59.09,160.0
265,55.0,2,59.090909090909086,617.295952,63.64,165.0
266,79.0,2,81.36363636363636,548.81357,77.73,170.0
267,52.0,2,,739.380655,,152.0
268,76.0,2,80.0,1121.91159,84.09,168.0
269,85.0,1,,732.793203,96.36,183.0
270,59.0,2,,272.236299,,170.0
271,56.0,2,,617.295952,,165.0
272,69.0,2,77.27272727272727,509.449761,77.27,175.0
273,53.0,2,74.09090909090908,728.597184,77.27,165.0
274,36.0,2,63.63636363636363,1701.38688,63.64,170.0
275,84.0,2,70.0,373.970532,70.0,155.0
276,62.0,2,93.18181818181817,272.236299,71.36,170.0
277,82.0,2,62.72727272727272,148.824284,62.73,152.0
278,44.0,1,88.63636363636363,664.829944,85.45,180.0
279,79.0,2,89.54545454545453,297.648569,89.55,163.0
280,54.0,2,79.54545454545453,172.095751,86.36,163.0
281,72.0,1,96.81818181818181,459.681175,103.64,168.0
282,68.0,2,71.81818181818181,112.885332,70.91,173.0
283,54.0,2,68.18181818181817,289.950532,68.18,165.0
284,51.0,1,77.27272727272727,565.327154,68.18,160.0
285,45.0,1,,219.525087,,
286,68.0,1,181.8181818181818,229.840588,154.55,185.0
287,28.0,2,63.63636363636363,529.603133,63.64,165.0
288,60.0,2,65.9090909090909,122.8287,71.82,165.0
289,66.0,2,90.9090909090909,101.369613,79.55,168.0
290,74.0,2,90.9090909090909,227.57136,90.91,168.0
291,63.0,2,72.72727272727272,122.8287,72.73,170.0
292,74.0,2,115.9090909090909,101.369613,102.27,152.0
293,51.0,2,77.27272727272727,144.975266,77.27,152.0
294,61.0,2,90.9090909090909,81.8183239,90.91,160.0
295,74.0,2,,202.739226,,
296,45.0,2,108.18181818181817,294.241893,158.18,163.0
297,61.0,2,81.81818181818181,122.8287,61.36,170.0
298,25.0,2,65.9090909090909,501.732982,65.91,160.0
299,19.0,2,54.54545454545454,1538.02608,57.73,165.0
300,57.0,2,134.0909090909091,108.338409,127.27,170.0
301,51.0,1,90.9090909090909,219.525087,90.91,183.0
302,76.0,2,54.54545454545454,148.824284,54.55,157.0
303,76.0,2,79.54545454545453,218.404339,77.27,155.0
304,69.0,1,80.9090909090909,306.454117,80.91,170.0
305,63.0,2,72.72727272727272,245.6574,72.73,168.0
306,55.0,2,63.63636363636363,368.4861,63.64,165.0
307,69.0,1,77.27272727272727,153.227058,75.0,178.0
308,24.0,2,75.0,483.768592,75.0,160.0
309,72.0,2,99.99999999999999,202.739226,95.45,160.0
310,36.0,2,90.9090909090909,435.050465,77.27,163.0
311,49.0,1,66.81818181818181,328.550941,66.82,175.0
312,78.0,2,60.90909090909091,297.648569,60.91,160.0
313,36.0,2,131.8181818181818,336.024344,127.27,168.0
314,32.0,2,65.9090909090909,264.801566,65.91,165.0
315,57.0,2,76.81818181818181,245.6574,81.36,160.0
316,35.0,2,71.36363636363636,338.539622,63.18,152.0
317,53.0,2,90.9090909090909,144.975266,90.91,170.0
318,52.0,2,102.27272727272727,579.901064,102.27,170.0
319,55.0,2,,162.144048,75.0,157.0
320,80.0,1,63.63636363636363,269.891557,63.64,170.0
321,59.0,1,90.9090909090909,368.63645,85.0,175.0
322,45.0,2,54.54545454545454,144.975266,55.45,160.0
323,50.0,2,71.81818181818181,144.650924,71.82,170.0
324,55.0,2,,122.8287,,165.0
325,74.0,2,69.09090909090908,101.369613,64.09,155.0
326,67.0,2,90.9090909090909,202.739226,90.91,173.0
327,26.0,1,95.45454545454545,501.481191,95.45,191.0
328,47.0,2,53.63636363636363,144.975266,53.64,152.0
329,38.0,2,62.72727272727272,169.269811,64.55,163.0
330,72.0,2,62.72727272727272,202.739226,62.73,170.0
331,36.0,2,115.9090909090909,169.269811,104.55,173.0
332,74.0,2,63.63636363636363,112.885332,56.36,163.0
333,39.0,2,90.9090909090909,338.539622,90.91,163.0
334,60.0,2,113.63636363636363,122.8287,113.64,175.0
335,72.0,2,64.54545454545455,101.369613,65.45,157.0
336,45.0,2,54.54545454545454,289.950532,54.55,157.0
337,45.0,1,93.18181818181817,439.050174,93.18,188.0
338,61.0,2,77.27272727272727,245.6574,67.27,163.0
339,58.0,2,58.18181818181818,245.6574,59.09,165.0
340,49.0,1,118.18181818181817,658.575261,112.73,163.0
341,44.0,1,127.27272727272727,497.506929,127.27,180.0
342,65.0,2,61.36363636363636,202.739226,68.18,165.0
343,51.0,1,113.63636363636363,321.189262,113.64,180.0
344,87.0,2,59.090909090909086,148.824284,54.55,170.0
345,60.0,2,64.54545454545455,245.6574,62.27,160.0
346,22.0,2,81.81818181818181,512.67536,81.82,168.0
347,32.0,2,70.45454545454545,264.801566,56.36,165.0
348,69.0,2,94.99999999999999,337.898348,85.91,170.0
349,51.0,2,102.27272727272727,144.975266,90.91,163.0
350,34.0,1,102.27272727272727,1464.41879,96.82,173.0
351,76.0,1,88.63636363636363,350.816426,76.36,183.0
352,49.0,2,80.0,144.975266,80.0,175.0
353,49.0,2,70.45454545454545,144.975266,70.45,168.0
354,46.0,2,56.81818181818181,724.87633,59.09,157.0
355,60.0,2,92.72727272727272,245.6574,85.91,168.0
356,74.0,2,72.72727272727272,101.369613,72.73,163.0
357,62.0,1,75.0,368.63645,75.0,180.0
358,55.0,1,95.45454545454545,737.272899,95.45,183.0
359,73.0,2,,101.369613,75.0,165.0
360,47.0,1,81.81818181818181,439.050174,86.36,180.0
361,65.0,1,88.63636363636363,269.891557,90.91,183.0
362,,2,,122.8287,48.18,152.0
363,49.0,2,87.27272727272727,433.952773,87.27,163.0
364,47.0,1,90.9090909090909,439.050174,90.91,185.0
365,43.0,1,122.72727272727272,730.095008,131.82,188.0
366,49.0,2,72.72727272727272,782.676922,72.73,163.0
367,79.0,2,72.72727272727272,529.432295,72.73,152.0
368,54.0,2,40.90909090909091,1031.47935,40.91,163.0
369,62.0,2,59.090909090909086,436.954766,59.09,157.0
370,57.0,1,60.90909090909091,1311.39916,60.91,165.0
371,84.0,2,45.45454545454545,529.432295,45.45,155.0
372,66.0,1,84.09090909090908,1090.18973,84.09,180.0
373,40.0,2,68.18181818181817,301.082934,68.18,165.0
374,77.0,2,49.090909090909086,529.432295,48.64,163.0
375,61.0,2,68.18181818181817,385.40654,73.64,163.0
376,60.0,2,78.18181818181817,1729.06662,81.82,168.0
377,56.0,2,85.0,1156.21962,80.45,157.0
378,40.0,2,84.09090909090908,1597.41885,84.09,155.0
379,85.0,2,61.36363636363636,529.432295,50.0,145.0
380,49.0,1,99.99999999999999,2285.21802,100.0,175.0
381,62.0,2,79.54545454545453,873.909533,81.82,165.0
382,63.0,2,101.36363636363636,1156.21962,101.36,163.0
383,59.0,2,93.63636363636363,385.40654,81.82,150.0
384,60.0,2,70.45454545454545,653.443246,70.45,168.0
385,50.0,1,,2342.83681,,
386,59.0,2,59.090909090909086,873.909533,54.55,165.0
387,37.0,2,57.272727272727266,1204.33174,55.91,163.0
388,35.0,2,84.09090909090908,798.709427,84.09,170.0
389,52.0,2,50.90909090909091,515.739673,50.91,163.0
390,66.0,2,127.27272727272727,401.58191,113.64,168.0
391,82.0,2,46.81818181818181,529.432295,46.82,170.0
392,63.0,2,72.72727272727272,436.954766,72.73,170.0
393,54.0,2,58.18181818181818,1031.47935,59.09,155.0
394,63.0,2,82.72727272727272,436.954766,82.73,178.0
395,68.0,2,106.81818181818181,360.615521,106.82,168.0
396,59.0,1,63.18181818181818,655.69958,63.18,168.0
397,30.0,1,124.99999999999999,3567.97063,128.64,193.0
398,56.0,2,,1960.32974,,152.0
399,78.0,1,85.45454545454545,624.002817,92.73,170.0
400,40.0,2,59.090909090909086,1204.33174,54.55,157.0
401,82.0,2,58.63636363636363,529.432295,58.64,135.0
402,56.0,1,,1967.09874,93.64,185.0
403,36.0,2,61.36363636363636,602.165868,61.36,163.0
404,52.0,2,54.54545454545454,773.60951,54.55,163.0
405,37.0,1,79.54545454545453,2365.08742,81.82,183.0
406,77.0,2,71.81818181818181,1058.86459,71.82,163.0
407,47.0,2,75.45454545454545,515.739673,70.0,175.0
408,80.0,2,65.45454545454545,1058.86459,65.45,168.0
409,50.0,2,58.18181818181818,515.739673,58.18,155.0
410,25.0,1,63.63636363636363,1783.98531,86.36,185.0
411,45.0,2,56.36363636363636,1031.47935,68.18,157.0
412,50.0,1,113.18181818181817,1561.89121,113.64,188.0
413,36.0,2,59.090909090909086,1204.33174,59.09,163.0
414,86.0,2,45.45454545454545,529.432295,45.45,168.0
415,40.0,2,63.63636363636363,1204.33174,63.64,165.0
416,83.0,2,62.72727272727272,1058.86459,57.73,163.0
417,35.0,2,,798.709427,,157.0
418,35.0,2,84.09090909090908,2396.12828,88.64,152.0
419,42.0,2,81.81818181818181,798.709427,81.82,178.0
420,18.0,1,,1946.08521,,178.0
421,66.0,1,81.81818181818181,1794.78841,81.82,165.0
422,20.0,1,95.45454545454545,5838.25563,100.0,175.0
423,79.0,2,56.81818181818181,529.432295,56.82,152.0
424,80.0,2,63.63636363636363,2375.21582,63.64,
425,65.0,1,104.54545454545453,815.161168,104.55,183.0
426,49.0,1,120.45454545454544,780.945604,120.45,185.0
427,74.0,2,66.36363636363636,360.615521,66.36,160.0
428,48.0,2,65.9090909090909,1031.47935,65.91,163.0
429,40.0,2,68.18181818181817,1042.77885,81.82,168.0
430,63.0,2,47.72727272727273,503.977432,46.36,142.0
431,28.0,2,104.54545454545453,1086.50514,76.36,163.0
432,78.0,1,73.63636363636363,719.716001,73.64,180.0
433,52.0,2,63.63636363636363,297.423413,63.64,152.0
434,68.0,2,64.54545454545455,207.964414,60.91,165.0
435,40.0,1,68.18181818181817,1023.91354,70.45,178.0
436,34.0,1,86.36363636363636,2057.62336,86.36,178.0
437,64.0,2,49.99999999999999,222.261219,50.0,160.0
438,45.0,1,72.72727272727272,658.934514,59.09,165.0
439,49.0,2,88.63636363636363,594.846826,95.45,165.0
440,41.0,2,59.090909090909086,694.529574,59.09,168.0
441,78.0,1,79.54545454545453,719.716001,79.55,178.0
442,38.0,2,84.09090909090908,694.529574,79.55,165.0
443,34.0,2,49.99999999999999,1086.50514,50.0,157.0
444,72.0,1,75.0,628.704688,75.0,173.0
445,46.0,1,82.72727272727272,450.365793,82.73,173.0
446,63.0,1,124.99999999999999,189.068649,125.0,193.0
447,68.0,2,56.81818181818181,207.964414,56.82,165.0
448,62.0,1,76.36363636363636,756.274598,76.36,180.0
449,26.0,2,81.81818181818181,1086.50514,86.36,165.0
450,77.0,1,72.72727272727272,719.716001,75.0,180.0
451,54.0,1,139.54545454545453,450.365793,130.91,183.0
452,46.0,2,79.54545454545453,594.846826,90.91,165.0
453,82.0,2,77.27272727272727,457.979777,81.82,155.0
454,56.0,1,95.45454545454545,378.137299,95.45,173.0
455,70.0,1,72.72727272727272,628.704688,72.73,178.0
456,40.0,2,54.54545454545454,694.529574,54.55,157.0
457,87.0,2,,305.319851,,152.0
458,65.0,2,113.63636363636363,156.120704,109.09,170.0
459,24.0,1,72.72727272727272,1122.29354,72.73,173.0
460,73.0,2,56.36363636363636,312.241408,56.36,163.0
461,36.0,2,49.99999999999999,694.529574,77.27,165.0
462,52.0,1,70.9090909090909,900.731586,70.91,173.0
463,64.0,2,,251.988716,86.36,170.0
464,68.0,2,79.54545454545453,415.928829,76.36,173.0
465,25.0,1,124.99999999999999,4634.02754,109.09,188.0
466,66.0,2,50.45454545454545,207.964414,50.45,157.0
467,72.0,2,,207.964414,,163.0
468,38.0,2,59.090909090909086,694.529574,59.09,168.0
469,44.0,2,65.9090909090909,521.389423,65.91,160.0
470,66.0,1,109.09090909090908,314.352344,106.82,185.0
471,38.0,2,72.72727272727272,694.529574,72.73,163.0
472,60.0,2,68.18181818181817,503.977432,70.0,163.0
473,58.0,2,,755.966148,,165.0
474,58.0,1,115.9090909090909,1134.4119,115.91,185.0
475,26.0,2,52.272727272727266,1631.29781,52.27,155.0
476,57.0,1,81.81818181818181,756.274598,86.36,173.0
477,81.0,1,81.81818181818181,359.858,81.82,178.0
478,65.0,1,77.27272727272727,314.352344,77.27,180.0
479,50.0,2,75.0,297.423413,77.27,170.0
480,32.0,1,106.81818181818181,2057.62336,102.27,183.0
481,57.0,2,65.45454545454545,222.261219,64.55,157.0
482,56.0,1,99.99999999999999,756.274598,100.0,175.0
483,48.0,2,68.18181818181817,297.423413,65.45,168.0
484,38.0,2,111.36363636363636,1041.79436,111.36,165.0
485,50.0,1,89.09090909090908,900.731586,93.18,180.0
486,61.0,1,83.63636363636363,1135.4839,83.64,185.0
487,43.0,1,129.54545454545453,3373.28741,125.0,178.0
488,47.0,2,61.36363636363636,1786.22685,56.82,168.0
489,42.0,2,,347.264787,,155.0
490,32.0,2,212.72727272727272,543.252568,149.09,163.0
491,65.0,2,49.99999999999999,207.964414,50.0,160.0
492,18.0,1,118.18181818181817,2244.58709,110.45,183.0
493,52.0,2,131.8181818181818,594.846826,143.18,165.0
494,31.0,1,95.45454545454545,2057.62336,95.45,168.0
495,32.0,2,86.36363636363636,1086.50514,84.09,157.0
496,39.0,2,79.54545454545453,1042.77885,79.55,163.0
497,60.0,2,79.54545454545453,125.994358,79.55,168.0
498,43.0,2,81.81818181818181,347.264787,81.82,163.0
499,38.0,2,55.90909090909091,347.264787,55.91,160.0
500,42.0,2,58.63636363636363,694.529574,60.45,165.0
501,58.0,2,75.0,444.522438,76.36,170.0
502,30.0,2,96.81818181818181,1086.50514,80.0,168.0
503,33.0,2,57.72727272727272,2173.01027,54.55,168.0
504,48.0,2,99.54545454545453,905.476124,99.55,175.0
505,47.0,2,68.18181818181817,594.846826,68.18,160.0
506,61.0,2,77.27272727272727,251.988716,84.09,155.0
507,56.0,2,68.18181818181817,378.340264,68.18,163.0
508,54.0,2,56.81818181818181,594.846826,56.82,160.0
509,41.0,2,132.27272727272725,347.264787,133.64,163.0
510,56.0,1,111.81818181818181,756.274598,111.82,180.0
511,36.0,1,88.63636363636363,1363.92915,88.64,185.0
512,56.0,2,78.18181818181817,251.988716,64.55,178.0
513,46.0,2,95.45454545454545,893.113426,81.82,168.0
514,20.0,2,,3155.3311,,168.0
515,33.0,2,56.81818181818181,1086.50514,59.09,163.0
516,64.0,2,86.36363636363636,251.988716,86.36,160.0
517,45.0,2,,893.113426,,163.0
518,52.0,2,88.63636363636363,297.423413,102.73,157.0
519,82.0,2,59.090909090909086,305.319851,52.73,157.0
520,40.0,2,53.18181818181818,347.264787,53.18,168.0
521,18.0,1,71.36363636363636,4489.17417,71.82,163.0
522,69.0,2,,463.178881,,170.0
523,34.0,2,67.27272727272727,514.664121,67.27,165.0
524,45.0,2,85.9090909090909,1207.3015,102.27,168.0
525,66.0,1,90.9090909090909,628.704688,90.91,185.0
526,34.0,2,81.81818181818181,514.664121,81.82,165.0
527,45.0,2,73.63636363636363,297.423413,64.55,175.0
528,44.0,2,140.9090909090909,347.264787,140.91,183.0
529,80.0,2,70.9090909090909,458.412563,63.64,160.0
530,41.0,1,90.9090909090909,1363.92915,77.27,183.0
531,58.0,2,77.27272727272727,755.966148,77.27,168.0
532,71.0,1,72.72727272727272,628.704688,65.45,193.0
533,50.0,1,,450.365793,,183.0
534,47.0,2,68.18181818181817,594.846826,68.18,163.0
535,59.0,2,90.9090909090909,756.680528,81.82,168.0
536,57.0,1,103.63636363636363,378.137299,96.36,183.0
537,85.0,1,97.72727272727272,359.858,84.09,175.0
538,37.0,2,75.0,691.568004,86.36,165.0
539,39.0,2,77.27272727272727,347.264787,77.27,160.0
540,27.0,2,102.27272727272727,815.648905,93.18,168.0
541,47.0,2,56.81818181818181,594.846826,59.09,168.0
542,63.0,2,61.81818181818181,251.988716,58.18,160.0
543,68.0,2,68.18181818181817,415.928829,68.18,157.0
544,61.0,2,99.99999999999999,251.988716,106.82,168.0
545,68.0,1,127.27272727272727,628.704688,125.0,183.0
546,32.0,2,61.36363636363636,543.252568,61.36,168.0
547,67.0,2,72.72727272727272,207.964414,77.27,168.0
548,64.0,1,104.54545454545453,756.274598,104.55,180.0
549,30.0,1,113.63636363636363,2057.62336,104.55,183.0
550,57.0,1,68.18181818181817,425.385698,68.18,175.0
551,57.0,1,120.45454545454544,567.741952,115.91,191.0
552,33.0,2,70.45454545454545,543.252568,70.45,163.0
553,78.0,1,75.0,719.716001,75.0,175.0
554,68.0,2,58.63636363636363,415.928829,55.45,152.0
555,69.0,2,54.54545454545454,207.964414,51.36,157.0
556,80.0,2,65.9090909090909,305.319851,65.91,165.0
557,51.0,2,80.0,892.270239,80.91,165.0
558,31.0,1,82.72727272727272,1028.81168,82.73,175.0
559,70.0,1,114.54545454545453,628.704688,87.73,183.0
560,62.0,1,90.9090909090909,378.137299,90.91,185.0
561,33.0,2,,543.252568,110.91,165.0
562,53.0,2,63.63636363636363,905.476124,68.18,155.0
563,50.0,2,88.63636363636363,905.476124,88.64,157.0
564,72.0,1,109.09090909090908,628.704688,109.09,180.0
565,39.0,2,63.18181818181818,375.301734,63.18,163.0
566,43.0,1,106.81818181818181,737.513734,134.55,185.0
567,70.0,2,59.090909090909086,299.672981,58.18,155.0
568,30.0,2,90.9090909090909,741.621742,86.36,170.0
569,59.0,2,59.090909090909086,363.111207,59.09,163.0
570,58.0,2,,181.555604,,165.0
571,73.0,2,58.18181818181818,149.83649,58.18,163.0
572,80.0,2,61.36363636363636,219.980207,54.55,155.0
573,48.0,2,63.63636363636363,428.581789,63.64,155.0
574,61.0,2,66.81818181818181,363.111207,61.82,157.0
575,53.0,1,107.27272727272727,1424.26918,109.09,180.0
576,64.0,2,84.09090909090908,363.111207,77.27,170.0
577,54.0,2,95.45454545454545,428.581789,104.55,170.0
578,53.0,1,90.9090909090909,474.756392,89.09,180.0
579,90.0,2,68.18181818181817,219.980207,62.27,157.0
580,66.0,2,67.27272727272727,333.716218,67.27,155.0
581,44.0,2,,498.128879,100.0,168.0
582,59.0,1,72.72727272727272,1362.22262,72.73,175.0
583,44.0,2,81.81818181818181,250.201156,72.73,173.0
584,72.0,2,75.0,149.83649,68.18,165.0
585,42.0,1,79.54545454545453,737.513734,79.55,178.0
586,62.0,2,,181.555604,,157.0
587,24.0,2,73.63636363636363,2273.38768,68.18,165.0
588,64.0,1,92.27272727272727,408.938326,88.18,180.0
589,42.0,1,72.72727272727272,982.698685,77.27,178.0
590,51.0,2,76.36363636363636,428.581789,76.36,175.0
591,26.0,1,129.54545454545453,741.249565,129.55,178.0
592,72.0,1,65.9090909090909,452.976074,65.91,173.0
593,82.0,1,86.36363636363636,862.100015,86.36,173.0
594,83.0,2,67.27272727272727,219.980207,67.27,173.0
595,77.0,1,109.09090909090908,259.274453,111.36,183.0
596,56.0,2,63.63636363636363,320.274419,65.91,165.0
597,56.0,2,65.9090909090909,181.555604,65.91,163.0
598,38.0,2,81.81818181818181,375.551106,86.36,173.0
599,48.0,1,124.99999999999999,324.484504,125.0,188.0
600,45.0,1,79.54545454545453,648.969007,79.55,183.0
601,28.0,2,94.99999999999999,556.585888,79.55,160.0
602,62.0,2,113.63636363636363,272.514359,105.45,160.0
603,22.0,1,78.18181818181817,1617.20481,78.18,178.0
604,53.0,2,99.99999999999999,214.290894,113.64,173.0
605,21.0,2,68.18181818181817,1515.59179,56.82,168.0
606,47.0,2,,321.649922,63.64,165.0
607,42.0,2,95.45454545454545,498.128879,114.09,175.0
608,63.0,2,86.36363636363636,721.096262,84.09,
609,42.0,2,84.09090909090908,750.603468,84.09,160.0
610,42.0,2,95.45454545454545,663.730818,99.09,165.0
611,54.0,1,70.45454545454545,648.969007,66.82,180.0
612,35.0,2,60.454545454545446,250.201156,70.91,160.0
613,73.0,2,90.9090909090909,299.672981,89.55,170.0
614,50.0,1,75.0,949.512784,79.55,168.0
615,53.0,2,131.8181818181818,214.290894,122.73,170.0
616,35.0,2,86.36363636363636,500.402312,86.36,160.0
617,80.0,1,106.81818181818181,259.274453,109.09,183.0
618,56.0,2,67.72727272727272,363.111207,64.09,157.0
619,60.0,1,89.99999999999999,306.48657,90.0,180.0
620,72.0,1,72.72727272727272,679.915585,72.73,178.0
621,53.0,1,99.99999999999999,324.484504,100.0,178.0
622,49.0,1,136.36363636363635,162.242252,109.09,185.0
623,70.0,1,102.27272727272727,226.488037,88.18,191.0
624,66.0,1,175.0,452.976074,175.0,188.0
625,47.0,2,113.63636363636363,428.581789,113.64,155.0
626,55.0,2,68.18181818181817,363.111207,68.18,155.0
627,48.0,1,88.63636363636363,324.484504,88.64,188.0
628,42.0,2,88.63636363636363,331.865409,86.36,157.0
629,54.0,2,69.09090909090908,214.290894,71.36,160.0
630,52.0,1,93.18181818181817,474.756392,95.45,178.0
631,38.0,1,79.54545454545453,2948.09605,79.55,191.0
632,54.0,2,61.36363636363636,217.462468,61.36,160.0
633,62.0,1,79.54545454545453,544.889047,79.55,170.0
634,68.0,1,102.27272727272727,452.976074,102.27,191.0
635,72.0,2,90.9090909090909,149.83649,90.91,165.0
636,80.0,2,68.18181818181817,219.980207,68.18,163.0
637,72.0,1,69.09090909090908,1019.87338,69.09,157.0
638,40.0,2,100.9090909090909,250.201156,94.55,165.0
639,46.0,2,54.54545454545454,428.581789,52.73,160.0
640,65.0,1,109.09090909090908,452.976074,79.55,188.0
641,56.0,2,72.72727272727272,181.555604,59.09,160.0
642,61.0,2,59.090909090909086,363.111207,81.82,168.0
643,27.0,2,68.18181818181817,741.621742,72.73,163.0
644,18.0,2,54.54545454545454,3412.34738,57.27,160.0
645,67.0,2,46.36363636363636,149.83649,46.36,155.0
646,35.0,1,104.54545454545453,1079.16831,118.18,180.0
647,50.0,2,96.81818181818181,217.462468,100.0,173.0
648,41.0,2,81.81818181818181,250.201156,84.09,170.0
649,50.0,1,72.72727272727272,648.969007,72.73,175.0
650,80.0,2,,219.980207,,155.0
651,38.0,1,115.45454545454544,982.698685,115.45,193.0
652,72.0,1,97.27272727272727,226.488037,86.36,178.0
653,25.0,2,99.99999999999999,1565.63436,122.73,170.0
654,39.0,2,68.18181818181817,250.201156,68.18,160.0
655,24.0,1,63.63636363636363,1617.20481,56.82,170.0
656,52.0,1,99.09090909090908,648.969007,102.27,180.0
657,78.0,2,70.45454545454545,219.980207,70.45,173.0
658,51.0,2,49.99999999999999,214.290894,50.0,157.0
659,70.0,2,79.54545454545453,166.858109,81.82,163.0
660,41.0,1,91.81818181818181,491.349342,79.55,170.0
661,23.0,2,47.72727272727273,3412.34738,47.73,152.0
662,46.0,2,102.27272727272727,434.924936,90.91,163.0
663,65.0,1,147.27272727272725,248.579425,147.27,178.0
664,37.0,1,45.45454545454545,491.349342,68.18,173.0
665,38.0,1,90.9090909090909,1079.16831,95.45,173.0
666,49.0,2,84.09090909090908,214.290894,77.27,165.0
667,45.0,1,76.81818181818181,974.100329,76.82,170.0
668,66.0,2,68.18181818181817,299.672981,75.0,168.0
669,55.0,1,77.27272727272727,817.876653,86.36,175.0
670,49.0,1,102.27272727272727,648.969007,97.73,188.0
671,36.0,1,90.9090909090909,491.349342,97.73,185.0
672,43.0,2,103.18181818181817,500.402312,97.27,173.0
673,67.0,2,109.09090909090908,299.672981,109.09,173.0
674,35.0,2,72.72727272727272,500.402312,75.0,160.0
675,85.0,2,43.63636363636363,219.980207,46.36,165.0
676,65.0,1,106.81818181818181,994.317701,104.55,178.0
677,52.0,2,116.36363636363636,321.649922,104.55,157.0
678,50.0,2,63.63636363636363,217.462468,75.0,168.0
679,37.0,1,97.72727272727272,809.914025,90.0,185.0
680,27.0,2,59.090909090909086,1483.24348,77.27,163.0
681,72.0,1,85.9090909090909,745.738276,85.91,178.0
682,45.0,1,81.81818181818181,974.100329,81.82,183.0
683,62.0,2,88.18181818181817,181.555604,88.18,178.0
684,61.0,2,90.9090909090909,320.274419,90.91,168.0
685,35.0,1,106.81818181818181,1079.16831,87.27,178.0
686,46.0,2,47.72727272727273,428.581789,47.73,168.0
687,54.0,2,54.54545454545454,642.872683,61.36,152.0
688,79.0,1,111.36363636363636,518.548906,111.36,188.0
689,50.0,1,104.54545454545453,973.453511,104.55,183.0
690,36.0,2,81.81818181818181,995.596227,72.73,155.0
691,34.0,2,57.272727272727266,1175.00599,61.82,165.0
692,50.0,2,81.81818181818181,643.299844,77.27,168.0
693,25.0,2,140.45454545454544,587.502996,140.91,173.0
694,40.0,2,,500.402312,,170.0
695,58.0,2,68.18181818181817,181.555604,68.18,165.0
696,33.0,2,54.54545454545454,782.81718,54.55,163.0
697,27.0,2,81.81818181818181,556.585888,81.82,160.0
698,72.0,2,69.09090909090908,149.83649,69.09,163.0
699,59.0,2,69.09090909090908,545.028719,69.09,175.0
700,31.0,2,81.81818181818181,370.810871,81.82,165.0
701,62.0,1,94.54545454545453,272.444523,94.55,183.0
702,49.0,2,61.36363636363636,428.581789,85.0,163.0
703,68.0,1,95.45454545454545,452.976074,95.45,193.0
704,72.0,2,81.81818181818181,333.716218,86.36,168.0
705,26.0,1,127.27272727272727,1482.49913,127.27,193.0
706,74.0,1,,746.233787,61.82,157.0
707,73.0,1,97.72727272727272,226.488037,97.73,193.0
708,59.0,2,113.63636363636363,181.555604,113.64,173.0
709,57.0,2,88.63636363636363,160.137209,88.64,160.0
710,71.0,2,77.72727272727272,166.858109,77.73,168.0
711,52.0,1,109.09090909090908,648.969007,100.0,183.0
712,52.0,1,102.27272727272727,648.969007,102.27,191.0
713,44.0,2,,996.257758,72.73,163.0
714,51.0,2,,214.290894,88.18,165.0
715,30.0,1,120.45454545454544,1482.49913,120.45,191.0
716,40.0,2,109.09090909090908,500.402312,109.09,175.0
717,35.0,2,59.090909090909086,500.402312,59.09,165.0
718,51.0,2,52.272727272727266,428.581789,55.0,168.0
719,58.0,2,70.9090909090909,34.1650052,70.91,160.0
720,44.0,1,67.27272727272727,411.701423,67.27,178.0
721,60.0,2,94.09090909090908,34.1650052,87.73,165.0
722,27.0,2,75.0,107.636312,90.91,165.0
723,63.0,1,120.45454545454544,60.5600958,121.82,191.0
724,57.0,1,76.36363636363636,121.120192,76.36,180.0
725,74.0,2,68.18181818181817,35.5569763,65.91,157.0
726,24.0,2,94.09090909090908,285.823576,86.36,165.0
727,25.0,1,106.81818181818181,296.84704,109.09,175.0
728,61.0,1,63.63636363636363,153.337237,63.64,163.0
729,69.0,2,95.45454545454545,35.5569763,95.45,183.0
730,38.0,2,59.090909090909086,107.636312,61.36,163.0
731,34.0,2,61.81818181818181,142.911788,63.18,157.0
732,71.0,2,56.81818181818181,35.5569763,46.36,155.0
733,54.0,2,81.81818181818181,43.2278187,90.91,173.0
734,,2,,130.230907,,178.0
735,59.0,2,,34.1650052,,173.0
736,42.0,2,68.63636363636363,214.367682,69.09,170.0
737,54.0,2,84.09090909090908,86.4556374,81.82,157.0
738,55.0,2,77.27272727272727,30.7582986,77.27,168.0
739,73.0,2,61.36363636363636,35.5569763,61.36,160.0
740,59.0,2,,61.5165972,,168.0
741,55.0,1,118.18181818181817,153.337237,118.18,175.0
742,27.0,2,90.9090909090909,107.636312,100.91,160.0
743,65.0,1,81.81818181818181,152.192162,95.45,170.0
744,62.0,2,59.090909090909086,30.7582986,64.55,157.0
745,25.0,2,72.72727272727272,81.7751541,77.27,170.0
746,40.0,2,61.36363636363636,214.367682,63.18,157.0
747,81.0,2,56.81818181818181,35.5569763,56.82,163.0
748,59.0,2,70.45454545454545,61.5165972,70.45,160.0
749,28.0,2,49.090909090909086,81.7751541,52.27,165.0
750,29.0,2,113.63636363636363,71.4558941,118.18,170.0
751,45.0,2,86.36363636363636,86.4556374,106.82,163.0
752,67.0,2,61.36363636363636,35.5569763,63.64,163.0
753,66.0,2,63.63636363636363,53.560617,68.18,160.0
754,51.0,2,81.81818181818181,65.1154537,81.82,163.0
755,64.0,1,79.54545454545453,153.337237,79.55,175.0
756,31.0,2,95.45454545454545,284.122175,104.55,157.0
757,64.0,2,55.90909090909091,30.7582986,58.64,163.0
758,80.0,1,85.0,101.461441,85.0,175.0
759,59.0,1,,60.5600958,,178.0
760,60.0,2,65.9090909090909,61.5165972,67.73,168.0
761,45.0,2,140.9090909090909,86.4556374,131.82,191.0
762,43.0,1,79.54545454545453,172.804491,79.55,178.0
763,28.0,1,,296.84704,68.18,180.0
764,51.0,2,78.63636363636363,166.03914,74.55,165.0
765,41.0,2,63.63636363636363,163.550308,38.64,142.0
766,51.0,2,79.54545454545453,727.563017,79.55,173.0
767,52.0,2,68.18181818181817,363.781508,65.0,157.0
768,85.0,2,49.99999999999999,373.43972,50.0,155.0
769,74.0,2,65.9090909090909,283.259328,65.91,170.0
770,72.0,2,79.54545454545453,254.363325,79.55,
771,42.0,2,59.99999999999999,424.742984,60.0,163.0
772,89.0,1,88.18181818181817,440.145868,87.27,185.0
773,24.0,2,127.27272727272727,3861.89409,122.73,170.0
774,63.0,1,91.81818181818181,925.006916,97.73,168.0
775,57.0,2,72.72727272727272,616.419765,72.73,163.0
776,45.0,2,90.9090909090909,369.165591,90.91,163.0
777,47.0,1,86.36363636363636,550.846841,90.91,178.0
778,38.0,2,81.81818181818181,849.485968,90.91,183.0
779,59.0,1,134.0909090909091,2082.65557,134.09,180.0
780,47.0,2,72.72727272727272,727.563017,81.82,157.0
781,59.0,1,70.45454545454545,925.006916,77.27,175.0
782,77.0,2,81.81818181818181,548.034587,81.82,165.0
783,73.0,2,90.9090909090909,254.363325,90.91,160.0
784,66.0,2,,508.726651,,173.0
785,40.0,2,,849.485968,,165.0
786,77.0,2,75.0,373.43972,75.0,173.0
787,65.0,2,55.45454545454545,141.629664,54.55,170.0
788,37.0,2,77.27272727272727,424.742984,77.27,170.0
789,20.0,2,92.27272727272727,1822.07222,97.73,152.0
790,65.0,2,68.18181818181817,508.726651,68.18,163.0
791,29.0,1,77.27272727272727,1258.34971,77.27,183.0
792,62.0,1,97.72727272727272,1040.58688,95.45,183.0
793,50.0,2,68.18181818181817,546.036699,68.18,168.0
794,37.0,1,104.54545454545453,1668.23519,104.55,180.0
795,48.0,2,81.81818181818181,546.036699,81.82,170.0
796,46.0,1,90.9090909090909,805.9493,90.91,185.0
797,51.0,2,109.09090909090908,363.781508,94.55,175.0
798,36.0,2,84.09090909090908,424.742984,84.09,170.0
799,64.0,2,72.72727272727272,924.629647,86.36,173.0
800,67.0,2,54.54545454545454,254.363325,50.0,168.0
801,44.0,1,99.54545454545453,834.117593,95.45,185.0
802,31.0,2,59.090909090909086,1328.91514,59.09,178.0
803,61.0,2,75.0,462.623589,77.27,165.0
804,69.0,2,56.36363636363636,508.726651,55.45,157.0
805,27.0,1,81.81818181818181,1888.78518,81.82,173.0
806,68.0,2,52.272727272727266,508.726651,52.27,147.0
807,61.0,2,54.54545454545454,616.419765,51.82,163.0
808,52.0,1,,1101.69368,100.0,183.0
809,55.0,2,88.63636363636363,308.209882,79.55,165.0
810,77.0,2,68.18181818181817,373.43972,68.18,160.0
811,56.0,2,118.18181818181817,924.629647,118.18,165.0
812,49.0,2,56.81818181818181,727.563017,61.36,157.0
813,35.0,2,90.9090909090909,637.539984,68.18,168.0
814,31.0,1,72.72727272727272,3674.61631,81.82,183.0
815,44.0,2,75.0,637.539984,77.27,168.0
816,67.0,1,,384.487451,90.91,183.0
817,67.0,2,88.18181818181817,508.726651,76.36,160.0
818,83.0,1,77.72727272727272,731.753079,77.73,170.0
819,19.0,2,49.99999999999999,3861.89409,50.0,170.0
820,35.0,2,54.54545454545454,849.485968,54.55,157.0
821,21.0,2,56.81818181818181,2572.87772,61.36,165.0
822,74.0,1,95.45454545454545,384.487451,95.45,188.0
823,49.0,1,,1101.69368,102.27,178.0
824,56.0,1,90.9090909090909,925.006916,80.91,180.0
825,45.0,1,68.18181818181817,826.8221,75.0,168.0
826,59.0,1,65.45454545454545,925.006916,69.09,180.0
827,77.0,1,,880.291735,87.27,180.0
828,36.0,2,109.09090909090908,849.485968,100.0,173.0
829,,2,68.18181818181817,1108.23643,68.18,165.0
830,47.0,2,63.63636363636363,727.563017,63.64,157.0
831,22.0,1,77.27272727272727,1372.6883,77.27,180.0
832,66.0,2,72.72727272727272,254.363325,63.64,163.0
833,56.0,1,118.18181818181817,718.300181,118.18,183.0
834,83.0,2,,567.424,104.55,173.0
835,73.0,2,68.18181818181817,131.681338,68.18,150.0
836,87.0,2,59.090909090909086,193.325991,59.09,170.0
837,77.0,1,72.72727272727272,455.718188,72.73,178.0
838,67.0,1,102.27272727272727,398.090581,102.27,185.0
839,65.0,1,95.45454545454545,436.919889,90.0,175.0
840,51.0,1,90.9090909090909,855.503627,125.0,191.0
841,80.0,2,77.27272727272727,193.325991,77.27,165.0
842,61.0,1,116.81818181818181,418.524861,116.82,175.0
843,51.0,2,61.81818181818181,376.652065,57.73,168.0
844,20.0,2,63.63636363636363,1256.8519,61.36,170.0
845,72.0,2,99.99999999999999,131.681338,100.0,168.0
846,65.0,2,72.72727272727272,131.681338,72.73,155.0
847,66.0,1,79.54545454545453,398.090581,75.0,163.0
848,81.0,2,70.45454545454545,283.712,72.73,170.0
849,42.0,2,84.09090909090908,659.655527,68.18,165.0
850,55.0,2,72.72727272727272,478.67148,72.73,170.0
851,72.0,2,,263.362676,,178.0
852,74.0,1,86.36363636363636,199.045291,86.36,175.0
853,76.0,2,54.54545454545454,386.651982,52.27,157.0
854,40.0,2,70.45454545454545,219.885176,61.36,152.0
855,87.0,2,67.27272727272727,283.712,67.27,165.0
856,87.0,2,68.18181818181817,193.325991,61.36,168.0
857,84.0,1,65.9090909090909,227.859094,65.91,178.0
858,44.0,1,116.36363636363636,431.814298,116.36,191.0
859,67.0,2,85.9090909090909,146.640508,98.18,170.0
860,18.0,1,127.27272727272727,3198.86184,127.27,183.0
861,61.0,2,,319.11432,,178.0
862,54.0,2,97.72727272727272,286.763262,90.0,150.0
863,65.0,1,90.9090909090909,199.045291,90.91,168.0
864,58.0,2,80.45454545454545,159.55716,83.18,157.0
865,70.0,2,,131.681338,,170.0
866,41.0,2,65.0,439.770352,65.91,165.0
867,54.0,2,79.54545454545453,382.226635,81.82,168.0
868,57.0,2,72.72727272727272,159.55716,72.73,170.0
869,43.0,2,75.0,329.935093,79.55,170.0
870,50.0,1,79.54545454545453,570.335751,79.55,180.0
871,22.0,1,68.18181818181817,4990.17556,70.45,183.0
872,76.0,2,86.36363636363636,193.325991,93.64,165.0
873,66.0,2,75.0,131.681338,75.0,170.0
874,49.0,2,36.36363636363636,286.763262,79.55,168.0
875,53.0,1,131.8181818181818,1251.69557,131.82,191.0
876,49.0,1,104.54545454545453,285.167876,90.91,178.0
877,50.0,1,95.45454545454545,570.335751,95.45,183.0
878,73.0,1,68.18181818181817,398.090581,79.55,178.0
879,77.0,2,95.45454545454545,386.651982,95.45,165.0
880,74.0,1,79.54545454545453,398.090581,81.82,178.0
881,60.0,1,90.9090909090909,404.157506,81.82,168.0
882,49.0,2,51.36363636363636,376.652065,51.36,160.0
883,61.0,2,50.90909090909091,319.11432,50.91,155.0
884,55.0,2,77.27272727272727,319.11432,77.27,165.0
885,63.0,1,121.36363636363636,538.701375,110.45,173.0
886,66.0,2,49.99999999999999,263.362676,50.0,152.0
887,25.0,1,84.09090909090908,1954.30501,71.82,173.0
888,56.0,2,69.09090909090908,159.55716,69.09,173.0
889,44.0,1,154.54545454545453,431.814298,131.82,183.0
890,53.0,2,59.99999999999999,376.652065,67.27,168.0
891,55.0,2,54.54545454545454,319.11432,54.55,163.0
892,34.0,2,63.18181818181818,687.966019,63.18,155.0
893,70.0,2,47.272727272727266,131.681338,47.27,165.0
894,30.0,2,55.45454545454545,1032.28484,56.82,152.0
895,40.0,1,143.18181818181816,1295.86445,113.64,175.0
896,79.0,1,75.9090909090909,455.718188,74.55,170.0
897,43.0,2,95.45454545454545,291.654463,86.36,183.0
898,24.0,1,84.09090909090908,1871.92478,84.09,188.0
899,45.0,1,131.8181818181818,855.503627,131.82,193.0
900,71.0,1,95.45454545454545,199.045291,95.45,180.0
901,54.0,1,89.99999999999999,417.231856,90.0,188.0
902,58.0,1,83.18181818181817,478.866788,83.18,170.0
903,49.0,2,54.54545454545454,376.652065,54.55,168.0
904,82.0,2,81.81818181818181,386.651982,81.82,168.0
905,52.0,1,118.18181818181817,570.335751,118.18,188.0
906,62.0,2,54.54545454545454,159.55716,53.64,163.0
907,74.0,2,70.45454545454545,131.681338,70.45,168.0
908,76.0,2,81.81818181818181,290.083353,81.82,163.0
909,62.0,2,72.72727272727272,140.733956,69.09,157.0
910,87.0,2,59.090909090909086,386.651982,59.09,155.0
911,44.0,2,68.18181818181817,329.935093,68.18,163.0
912,47.0,2,61.36363636363636,847.742921,61.36,173.0
913,67.0,2,99.99999999999999,263.362676,100.0,160.0
914,57.0,2,104.54545454545453,422.201868,104.55,152.0
915,92.0,1,61.36363636363636,151.906063,61.36,170.0
916,52.0,2,64.54545454545455,188.326032,65.91,163.0
917,72.0,1,88.63636363636363,398.090581,93.18,180.0
918,34.0,2,72.72727272727272,343.98301,72.73,170.0
919,54.0,2,54.54545454545454,764.453271,54.55,165.0
920,39.0,2,89.99999999999999,439.770352,90.0,170.0
921,29.0,1,86.36363636363636,651.435003,88.64,203.0
922,59.0,2,65.0,319.11432,65.0,165.0
923,29.0,2,79.54545454545453,1032.28484,79.55,175.0
924,47.0,1,97.72727272727272,285.167876,86.36,175.0
925,38.0,2,113.63636363636363,875.248112,118.18,170.0
926,37.0,1,104.54545454545453,863.628596,104.55,178.0
927,67.0,2,55.90909090909091,131.681338,55.91,157.0
928,51.0,2,56.81818181818181,565.161947,54.55,165.0
929,70.0,1,85.45454545454545,199.045291,85.45,180.0
930,,2,63.63636363636363,319.11432,63.64,152.0
931,67.0,2,53.63636363636363,131.681338,50.91,157.0
932,78.0,2,61.36363636363636,386.651982,59.09,163.0
933,48.0,2,,188.326032,,163.0
934,42.0,2,72.72727272727272,1458.27232,63.64,168.0
935,60.0,2,68.18181818181817,319.11432,78.18,160.0
936,30.0,2,90.9090909090909,343.98301,90.91,152.0
937,75.0,2,90.9090909090909,193.325991,90.91,175.0
938,78.0,1,78.18181818181817,227.859094,78.18,185.0
939,64.0,1,129.54545454545453,239.433394,104.55,180.0
940,45.0,1,84.09090909090908,570.335751,79.55,168.0
941,37.0,2,61.36363636363636,659.870187,59.09,165.0
942,76.0,2,49.54545454545454,290.083353,45.91,160.0
943,61.0,2,58.18181818181818,159.55716,59.09,163.0
944,40.0,2,68.18181818181817,659.655527,68.18,160.0
945,60.0,2,,319.11432,,168.0
946,61.0,2,81.81818181818181,562.935824,69.09,163.0
947,25.0,2,86.36363636363636,488.821564,97.73,180.0
948,40.0,1,81.81818181818181,1295.44289,81.82,183.0
949,69.0,2,74.54545454545453,263.362676,72.27,160.0
950,61.0,1,72.72727272727272,239.433394,80.91,178.0
951,84.0,1,89.09090909090908,455.718188,89.09,188.0
952,27.0,1,113.63636363636363,1302.87001,111.36,175.0
953,58.0,1,81.81818181818181,478.866788,81.82,183.0
954,82.0,2,56.36363636363636,193.325991,56.36,157.0
955,29.0,1,159.09090909090907,1902.31195,159.09,193.0
956,43.0,1,,431.814298,,170.0
957,54.0,2,77.27272727272727,376.652065,81.82,165.0
958,61.0,1,90.9090909090909,478.866788,90.91,183.0
959,72.0,2,72.72727272727272,131.681338,70.45,160.0
960,34.0,1,109.09090909090908,2853.46792,97.73,180.0
961,44.0,2,,219.885176,,170.0
962,80.0,2,,386.651982,,160.0
963,56.0,2,89.99999999999999,633.508886,90.0,152.0
964,62.0,2,65.9090909090909,159.55716,64.55,155.0
965,78.0,1,80.0,455.718188,77.27,168.0
966,54.0,2,84.09090909090908,188.326032,84.09,163.0
967,37.0,2,131.8181818181818,219.885176,113.64,170.0
968,38.0,2,85.9090909090909,659.870187,81.82,160.0
969,66.0,1,111.36363636363636,398.090581,111.36,196.0
970,47.0,1,,855.503627,113.64,180.0
971,42.0,2,68.18181818181817,659.870187,75.0,160.0
972,86.0,2,56.81818181818181,193.325991,60.91,163.0
973,25.0,1,77.27272727272727,651.435003,70.45,170.0
974,70.0,2,75.0,263.362676,72.73,152.0
975,66.0,2,81.81818181818181,293.281017,81.82,170.0
976,81.0,1,99.99999999999999,609.525335,100.0,173.0
977,31.0,2,94.99999999999999,290.57834,76.36,163.0
978,40.0,2,90.9090909090909,392.130017,97.73,157.0
979,81.0,2,56.81818181818181,344.765962,56.82,150.0
980,72.0,1,102.27272727272727,354.965417,102.27,188.0
981,79.0,2,53.63636363636363,172.382981,58.18,163.0
982,62.0,2,79.54545454545453,213.607408,79.55,173.0
983,72.0,2,63.63636363636363,234.83259,61.82,168.0
984,73.0,2,,130.754938,77.27,163.0
985,47.0,2,64.54545454545455,340.820013,73.64,163.0
986,79.0,2,74.09090909090908,505.954941,78.64,150.0
987,74.0,2,90.9090909090909,117.416295,90.91,157.0
988,74.0,2,67.72727272727272,117.416295,67.73,160.0
989,38.0,2,77.27272727272727,392.130017,77.27,165.0
990,43.0,2,59.090909090909086,392.130017,56.82,170.0
991,58.0,1,99.99999999999999,426.991135,95.45,183.0
992,45.0,2,45.45454545454545,335.849336,45.45,160.0
993,65.0,2,90.9090909090909,177.097041,70.45,188.0
994,29.0,1,84.09090909090908,1161.73006,87.73,180.0
995,77.0,2,54.54545454545454,172.382981,54.55,160.0
996,37.0,1,84.09090909090908,770.071685,84.09,180.0
997,61.0,1,96.36363636363636,426.991135,96.36,178.0
998,60.0,2,56.36363636363636,284.544656,49.55,170.0
999,55.0,2,103.18181818181817,142.272328,103.18,168.0
